OID,QSDWDM,MEAN_TKXS,MEAN_GDPDJ,MEAN_Shape,MEAN_Sha_1,MEAN_area_,FIRST_Town,SUM_TBDLMJ,Shape_Leng,Shape_Area
-1, ,0.000000000000000,3.102362204724409,0.003344034573595,0.000000360452953,0.000074366844601, ,0.000000000000000,1.258324589079804,0.000136882323906
-1,6205031062210000000,0.120000000000000,4.000000000000000,0.094068691358900,0.000088302791977,0.000938705436435,620503106,780545.180000000051223,0.002654550693716,0.000000024097136
-1,6205031062220000000,0.120000000000000,4.000000000000000,0.117837639289000,0.000084974411041,0.000721114336246,620503106,747986.910000000032596,0.000887000927556,0.000000016452514
-1,6205032002090000000,0.120000000000000,4.000000000000000,0.121739026612800,0.000099351451285,0.000770250776011,620503200,1759803.419999999925494,0.009484924238637,0.000000254180998
-1,6205032002100000000,0.090000000000000,3.000000000000000,0.062228916672200,0.000053057380568,0.000829267266969,620503200,963922.070000000065193,0.010600157661140,0.000000350622939
-1,6205032002130000000,0.090000000000000,3.000000000000000,0.192251320403000,0.000194749977964,0.001012996829130,620503200,1776500.639999999897555,0.016681030667133,0.000001047174160
-1,6205032002170000000,0.090000000000000,3.000000000000000,0.105206743677000,0.000099720081159,0.000947848756401,620503200,917658.979999999981374,0.009179641823901,0.000001015487105
-1,6205032002180000000,0.090000000000000,3.000000000000000,0.085347914294075,0.000078916872239,0.000957874371215,620503200,2888518.649999999906868,0.023605323249243,0.000002223226732
-1,6205032002190000000,0.097500000000000,3.250000000000000,0.035634200860250,0.000030192705574,0.000514187654072,620503200,1099990.540000000037253,0.025905342194062,0.000003938530697
-1,6205032002200000000,0.090000000000000,3.000000000000000,0.019464155361650,0.000011179166276,0.000576652720051,620503200,202216.149999999994179,0.011377653229005,0.000001016003917
-1,6205032002210000000,0.090000000000000,3.000000000000000,0.002998029170515,0.000000240974668,0.000076971931389,620503200,3775.269999999999982,0.002328669895332,0.000000101509469
-1,6205032002230000000,0.090000000000000,3.000000000000000,0.119782214830500,0.000088329440823,0.000739557397020,620503200,1617178.409999999916181,0.028351090059809,0.000002206978966
-1,6205032002240000000,0.105000000000000,3.500000000000000,0.146461471242000,0.000109883962291,0.000796658070196,620503200,1983009.419999999925494,0.037832722115328,0.000005173193715
-1,6205032002250000000,0.120000000000000,4.000000000000000,0.077985894397700,0.000042118548963,0.000507817737641,620503200,744416.540000000037253,0.038443720612739,0.000013217242134
-1,6205032002350000000,0.090000000000000,3.000000000000000,0.007526461702790,0.000001255597506,0.000166824406361,620503200,10373.559999999999491,0.002508099204507,0.000000099812354
-1,6205032012160000000,0.157500000000000,4.000000000000000,0.104799466501100,0.000103642730440,0.000919004426317,620503201,3457195.649999999906868,0.058821528619447,0.000006122487709
-1,6205032012170000000,0.120000000000000,4.000000000000000,0.057886225245550,0.000064196144828,0.001040577765050,620503201,1140909.979999999981374,0.030161442309092,0.000002508543986
-1,6205032012180000000,0.130000000000000,3.000000000000000,0.025329837559270,0.000028940133738,0.000598888341957,620503201,1057731.450000000186265,0.011007598541512,0.000000281259542
-1,6205032012260000000,0.120000000000000,4.000000000000000,0.027981493235346,0.000015670967662,0.000510401276897,620503201,685427.109999999986030,0.029434460032210,0.000002147087734
-1,6205032012270000000,0.123333333333333,3.666666666666667,0.025868557385767,0.000014879348297,0.000474679590004,620503201,390721.710000000020955,0.026257341647592,0.000005576527660
-1,6205212012060000000,0.120000000000000,4.000000000000000,0.160622566462000,0.000145447957510,0.000905526295052,620521201,1280278.750000000000000,0.011601949850563,0.000001649488934
-1,6205212012070000000,0.090000000000000,3.000000000000000,0.226748346144000,0.000195649350893,0.000862847973183,620521201,1772771.399999999906868,0.006178414635245,0.000001129736910
-1,6205212012080000000,0.110000000000000,3.666666666666667,0.041521816384597,0.000027279259229,0.000357169775127,620521201,2190595.789999999571592,0.035998798270229,0.000003258625753
-1,6205212022010000000,0.105000000000000,3.500000000000000,0.197323857400200,0.000247801748638,0.000666377729833,620521202,4344948.569999999366701,0.003677831710794,0.000000197106234
-1,6205212022020000000,0.090000000000000,3.000000000000000,0.392840721194000,0.000425501782093,0.001083140721260,620521202,3876117.020000000018626,0.056889929175231,0.000029254209899
-1,6205212022030000000,0.090000000000000,3.000000000000000,0.473912451531000,0.000505843858535,0.001067378282430,620521202,4613427.480000000447035,0.010767949735146,0.000001649525450
-1,6205212022040000000,0.120000000000000,4.000000000000000,0.353947684048000,0.000528501864770,0.001493163788290,620521202,4675225.379999999888241,0.060716637770383,0.000019042064164
-1,6205212022050000000,0.120000000000000,4.000000000000000,0.505244356175000,0.000475930657817,0.000941981146351,620521202,4200477.879999999888241,0.018752693542134,0.000003209626833
-1,6205212022090000000,0.090000000000000,3.000000000000000,0.408253065317000,0.000493593506538,0.001209038090520,620521202,4483429.980000000447035,0.013808984766293,0.000005954644226
-1,6205212022110000000,0.105000000000000,3.500000000000000,0.243592279044155,0.000310603264383,0.000679761801824,620521202,5468918.500000000000000,0.021281125023981,0.000001251534112
-1,6205212032020000000,0.120000000000000,4.000000000000000,0.409372257538000,0.000348590391422,0.000851524217880,620521203,3051733.200000000186265,0.001096957675172,0.000000013312629
-1,6205212032030000000,0.123333333333333,3.666666666666667,0.110848056888400,0.000048780584269,0.000400755859237,620521203,1278532.610000000102445,0.013728958152340,0.000001763156123
-1,6205212032040000000,0.075000000000000,2.750000000000000,0.067093062777063,0.000053163680627,0.000586182912786,620521203,1886768.339999999850988,0.026443369936210,0.000002106949038
-1,6205212032050000000,0.120000000000000,4.000000000000000,0.297372958178000,0.000259245454519,0.000871785572257,620521203,2277153.740000000223517,0.026885414409955,0.000023148732504
-1,6205212032060000000,0.120000000000000,4.000000000000000,0.172032106079000,0.000238308666802,0.001385256928100,620521203,2099511.640000000130385,0.026479797496426,0.000014802296060
-1,6205212042010000000,0.090000000000000,3.000000000000000,0.007583681945700,0.000002437495262,0.000321413171039,620521204,22524.279999999998836,0.000096701900561,0.000000000238596
-1,6205212042030000000,0.100000000000000,3.333333333333333,0.078196822210600,0.000064328306030,0.000683962569285,620521204,1754986.590000000083819,0.020222787434127,0.000002229205092
-1,6205212042040000000,0.090000000000000,3.000000000000000,0.279136487392070,0.000224723315558,0.000567072048135,620521204,4108581.439999999944121,0.020404388326367,0.000000825647397
-1,6205212042050000000,0.090000000000000,3.000000000000000,0.133260844183750,0.000084466239339,0.000539282652326,620521204,1536317.560000000055879,0.028167215321262,0.000002596601805
-1,6205212042060000000,0.090000000000000,3.000000000000000,0.074429080209760,0.000048950459828,0.000463845128466,620521204,882944.310000000055879,0.027053736390885,0.000009604070858
-1,6205212052040000000,0.090000000000000,3.000000000000000,0.396420153593000,0.000360380465309,0.000909087144139,620521205,3254903.040000000037253,0.017647367514377,0.000002047688550
-1,6205212052050000000,0.116666666666667,3.000000000000000,0.032408827176610,0.000032213020632,0.000751407621854,620521205,845210.110000000102445,0.026068140601561,0.000012584499248
-1,6205221000040000000,0.000000000000000,1.000000000000000,0.003286343611990,0.000000425548370,0.000129489919425,620522100,4316.899999999999636,0.003286345695699,0.000000425548411
-1,6205221002020000000,0.000000000000000,1.000000000000000,0.009069091261460,0.000002249804638,0.000161957860643,620522100,112834.920000000012806,0.039626317926055,0.000011249022663
-1,6205221002060000000,0.123333333333333,3.166666666666667,0.004965075600648,0.000000734032761,0.000148028135801,620522100,38206.190000000002328,0.029790451601222,0.000004404195978
-1,6205221002080000000,0.154000000000000,3.600000000000000,0.010970989269212,0.000003030499569,0.000247673796741,620522100,115979.469999999986612,0.033009321328643,0.000015152497507
-1,6205221002090000000,0.110714285714286,3.357142857142857,0.010250890980095,0.000003026641894,0.000206442781281,620522100,377029.130000000004657,0.122159136280764,0.000042372985720
-1,6205221002100000000,0.130833333333333,3.583333333333333,0.009011611656922,0.000003662568090,0.000246964433095,620522100,377229.059999999997672,0.094042511833217,0.000043950816531
-1,6205221002110000000,0.145833333333333,3.500000000000000,0.009147577108868,0.000002837241800,0.000213350583449,620522100,293372.949999999895226,0.095461096818617,0.000034046901899
-1,6205221002120000000,0.130000000000000,3.000000000000000,0.013429113143045,0.000003579231838,0.000226727073354,620522100,60995.239999999997963,0.025783984468703,0.000007158463673
-1,6205221002130000000,0.111785714285714,3.464285714285714,0.008212431279660,0.000002205792615,0.000189996689342,620522100,544790.000000000000000,0.167211078386022,0.000061762193380
-1,6205221002140000000,0.120000000000000,4.000000000000000,0.021439991113645,0.000009886098492,0.000397065294596,620522100,175975.679999999993015,0.035652677657078,0.000019772196613
-1,6205221002150000000,0.096666666666667,2.666666666666667,0.006925344802653,0.000001218108623,0.000148982115801,620522100,29399.520000000000437,0.020776032696825,0.000003654326183
-1,6205221002160000000,0.125490196078431,3.647058823529412,0.010035488520900,0.000003169051979,0.000200681959721,620522100,1434367.260000000009313,0.427198942412845,0.000161621651520
-1,6205221002170000000,0.146111111111111,3.722222222222222,0.012935083930958,0.000005543137670,0.000196832539348,620522100,1730213.400000000139698,0.339563246013893,0.000199552958855
-1,6205221002180000000,0.113142857142857,3.328571428571429,0.011415842249199,0.000003751381490,0.000239553600352,620522100,2341701.679999999701977,0.664226621816773,0.000260680370628
-1,6205221002190000000,0.174615384615385,4.307692307692307,0.014676512631459,0.000005131311832,0.000197905147620,620522100,554631.400000000023283,0.177925619413427,0.000066707053444
-1,6205221002200000000,0.156666666666667,4.000000000000000,0.018463350289158,0.000007058398545,0.000277321591130,620522100,552357.839999999967404,0.121414517578488,0.000059694309705
-1,6205221002210000000,0.146666666666667,4.333333333333333,0.019661272925317,0.000009099765538,0.000344107259163,620522100,472031.999999999941792,0.097027285031925,0.000052221671212
-1,6205221002220000000,0.117142857142857,3.714285714285714,0.018286884399011,0.000005950530008,0.000270421172862,620522100,2230102.039999999571592,0.461405014759657,0.000249922258407
-1,6205221002230000000,0.139285714285714,4.071428571428571,0.022078674691785,0.000010939446435,0.000432295996362,620522100,1342024.750000000000000,0.302637256942851,0.000153152252984
-1,6205221002240000000,0.113333333333333,3.250000000000000,0.022692937712231,0.000017919588361,0.000530022380943,620522100,1892313.380000000121072,0.247758830553606,0.000215035058818
-1,6205221002250000000,0.135555555555556,4.000000000000000,0.029666212822647,0.000019072804558,0.000491132019739,620522100,1513174.920000000158325,0.210808305150102,0.000171655241728
-1,6205221002260000000,0.113529411764706,3.588235294117647,0.015327257475114,0.000005931953006,0.000283639160455,620522100,892705.010000000009313,0.224588307638848,0.000100843204214
-1,6205221002270000000,0.108125000000000,2.875000000000000,0.015657818452650,0.000008776966591,0.000412674793146,620522100,1264492.800000000046566,0.214401569824605,0.000140431463968
-1,6205221002280000000,0.115000000000000,3.375000000000000,0.026253915749038,0.000019526308276,0.000470341252643,620522100,1409584.660000000149012,0.205134608190765,0.000156210467392
-1,6205221010010000000,0.134545454545455,3.636363636363636,0.012746755954865,0.000004638019226,0.000276751113745,620522101,447834.260000000009313,0.039411436089173,0.000000572559944
-1,6205221012010000000,0.113703703703704,3.000000000000000,0.009368928335466,0.000004493846149,0.000279552018109,620522101,1024938.340000000433065,0.194762267286587,0.000119770604495
-1,6205221012020000000,0.157142857142857,3.857142857142857,0.018119661106364,0.000010593132615,0.000424234048844,620522101,620611.289999999920838,0.092502758406816,0.000073169957841
-1,6205221012030000000,0.113750000000000,3.291666666666667,0.012564343638302,0.000007137970929,0.000339426938081,620522101,1460319.070000000065193,0.233793082160415,0.000168166236829
-1,6205221012040000000,0.140000000000000,3.928571428571428,0.014969186394913,0.000005745527430,0.000314003137752,620522101,1339093.030000000027940,0.252395903775064,0.000160705918413
-1,6205221012050000000,0.107777777777778,3.000000000000000,0.013062123240496,0.000011945255756,0.000454269864173,620522101,946056.200000000069849,0.060388829998248,0.000104543982975
-1,6205221012060000000,0.101818181818182,3.181818181818182,0.017523912497208,0.000010669679479,0.000486516064581,620522101,1032485.260000000009313,0.115925367259158,0.000117366473662
-1,6205221012070000000,0.126136363636364,3.522727272727273,0.014231087057127,0.000007750614726,0.000355103175577,620522101,2957193.359999999403954,0.462180116664064,0.000341027048216
-1,6205221012080000000,0.123428571428571,3.171428571428571,0.019611660526503,0.000010977853299,0.000421015141995,620522101,3333315.610000000335276,0.487222451192286,0.000360407432594
-1,6205221012090000000,0.128333333333333,4.000000000000000,0.034339716704650,0.000030168776914,0.000746227679732,620522101,1588822.169999999925494,0.138471441945660,0.000174739579730
-1,6205221012100000000,0.139130434782609,3.652173913043478,0.016570312740145,0.000008840516641,0.000377731109098,620522101,1733108.710000000195578,0.235169865560121,0.000203331886250
-1,6205221012110000000,0.150952380952381,4.000000000000000,0.021772029643708,0.000010071991665,0.000385244495488,620522101,1810328.119999999878928,0.376720574382084,0.000211511824754
-1,6205221012120000000,0.130312500000000,3.812500000000000,0.013378444324093,0.000005217042501,0.000295956647139,620522101,1434653.650000000139698,0.256158662966816,0.000166945361857
-1,6205221012130000000,0.159166666666667,4.083333333333333,0.024529527127670,0.000012422655626,0.000328416268056,620522101,1265527.729999999981374,0.259310015913374,0.000149071865358
-1,6205221012140000000,0.126842105263158,3.789473684210526,0.030611949146836,0.000016653184208,0.000354144963313,620522101,2777542.649999999906868,0.482317378821896,0.000316410502099
-1,6205221012150000000,0.131395348837209,3.744186046511628,0.016597358366200,0.000008005035734,0.000322295556816,620522101,2996379.149999999441206,0.442782105898587,0.000344216533816
-1,6205221012160000000,0.122608695652174,3.826086956521739,0.021345037260537,0.000010192947832,0.000317621359109,620522101,2047854.260000000009313,0.311835118360636,0.000234437798740
-1,6205221012170000000,0.135384615384615,4.000000000000000,0.024014427044328,0.000011428357802,0.000397212445090,620522101,1293300.799999999813735,0.252674010925039,0.000148568652206
-1,6205221012180000000,0.141153846153846,4.076923076923077,0.021177189126137,0.000011370962261,0.000397793184752,620522101,2554491.030000000726432,0.337079179559274,0.000295645020271
-1,6205221012190000000,0.150000000000000,3.857142857142857,0.045492440754578,0.000026557757313,0.000364485487933,620522101,3126422.750000000000000,0.565515872848444,0.000371808603907
-1,6205221012200000000,0.138125000000000,3.562500000000000,0.024092096292762,0.000011854729252,0.000367863269998,620522101,1648349.170000000391155,0.295833788931550,0.000189675667604
-1,6205221012210000000,0.116190476190476,3.571428571428572,0.026694741657255,0.000017329026248,0.000508356065689,620522101,3206610.609999999403954,0.351725450872568,0.000363909550516
-1,6205221012220000000,0.135238095238095,3.904761904761905,0.027544578863020,0.000018766206546,0.000460646870682,620522101,3443319.169999999459833,0.463153564262471,0.000394090334613
-1,6205221012230000000,0.143333333333333,3.958333333333333,0.023652159059113,0.000015725057403,0.000460337571312,620522101,3243605.710000000428408,0.341140340686717,0.000360575517400
-1,6205221012240000000,0.130909090909091,3.757575757575758,0.022860384101264,0.000011420468333,0.000366350051180,620522101,3205864.879999999422580,0.475249612449799,0.000376875454739
-1,6205221012250000000,0.141000000000000,3.750000000000000,0.022909654275670,0.000015329618200,0.000427101433381,620522101,2625698.250000000465661,0.222089012607807,0.000303305652352
-1,6205221012260000000,0.140666666666667,3.666666666666667,0.020254677540763,0.000012670166897,0.000337034198867,620522101,1618546.939999999711290,0.186665656867862,0.000187125518459
-1,6205221012270000000,0.120000000000000,4.000000000000000,0.022909114218600,0.000002550061904,0.000111312112718,620522101,17068.369999999998981,0.022909115219798,0.000002550061627
-1,6205221022010000000,0.182857142857143,4.428571428571429,0.011368386685956,0.000003719103337,0.000201094201187,620522102,210881.650000000023283,0.079578708932972,0.000026033722716
-1,6205221022020000000,0.192500000000000,4.750000000000000,0.006238642488435,0.000001659673837,0.000241310020215,620522102,54188.080000000001746,0.024954567138066,0.000006638695005
-1,6205221022030000000,0.164545454545455,3.909090909090909,0.010832026274348,0.000002269590519,0.000167139143122,620522102,211053.519999999989523,0.119152293064880,0.000024965495510
-1,6205221022040000000,0.125714285714286,3.142857142857143,0.009211883966909,0.000002567597971,0.000206890822947,620522102,162820.779999999998836,0.063406803434573,0.000017973185404
-1,6205221022050000000,0.125294117647059,3.470588235294118,0.008554901300228,0.000002793872680,0.000229119717687,620522102,412783.059999999997672,0.136399847791227,0.000047495835838
-1,6205221022060000000,0.081176470588235,2.470588235294118,0.007612275631267,0.000002089729060,0.000228697209535,620522102,319524.539999999920838,0.106608709864962,0.000035525395531
-1,6205221022070000000,0.117333333333333,3.466666666666667,0.007378926221515,0.000002084654430,0.000186797501661,620522102,275797.530000000027940,0.103553253532889,0.000031269814460
-1,6205221022080000000,0.140000000000000,3.666666666666667,0.009235294348853,0.000002193362904,0.000251619014198,620522102,57285.409999999996217,0.027705885061004,0.000006580088276
-1,6205221022090000000,0.114444444444444,3.666666666666667,0.004506686481957,0.000000694095311,0.000145665381202,620522102,55068.380000000004657,0.040560177956718,0.000006246856358
-1,6205221022100000000,0.105000000000000,3.450000000000000,0.009070540197633,0.000001972922988,0.000184030595694,620522102,355972.149999999965075,0.178357218513421,0.000039458460869
-1,6205221022110000000,0.060000000000000,2.500000000000000,0.014956427510265,0.000007350747665,0.000336026849645,620522102,148113.039999999979045,0.029912856326689,0.000014701495694
-1,6205221022120000000,0.048000000000000,1.800000000000000,0.007009186084348,0.000002028724115,0.000192497186426,620522102,92954.149999999994179,0.035045925848921,0.000010143621333
-1,6205221022130000000,0.121000000000000,3.700000000000000,0.017983650145069,0.000005582579297,0.000285219765107,620522102,495115.330000000016298,0.157111215882425,0.000055825793979
-1,6205221022140000000,0.105227272727273,3.386363636363636,0.011512068358177,0.000002542764187,0.000174989305620,620522102,1009051.689999999827705,0.472615396817872,0.000111881627633
-1,6205221022150000000,0.099250000000000,3.500000000000000,0.015517869880884,0.000004122552033,0.000206576081123,620522102,1328486.879999999888241,0.461140621686774,0.000164902077681
-1,6205221022160000000,0.130434782608696,3.913043478260870,0.010031848148315,0.000002431852633,0.000199168673528,620522102,487231.790000000037253,0.200173891989614,0.000055932612277
-1,6205221022170000000,0.104102564102564,3.384615384615385,0.005605444251540,0.000000749502495,0.000118510339394,620522102,262980.310000000055879,0.215376256375292,0.000029230596576
-1,6205221022180000000,0.117142857142857,3.642857142857143,0.006637761156709,0.000001237971533,0.000155955762551,620522102,301366.349999999976717,0.167800305404460,0.000034663201761
-1,6205221022190000000,0.100408163265306,3.346938775510204,0.007409384202202,0.000001196308136,0.000137470251787,620522102,522599.630000000004657,0.315446476840648,0.000058619098485
-1,6205221022200000000,0.130869565217391,4.000000000000000,0.010442181605756,0.000003366800642,0.000176044633602,620522102,683891.809999999939464,0.185472834364210,0.000077436413446
-1,6205221022210000000,0.102857142857143,3.500000000000000,0.011401655720659,0.000004330954854,0.000182637671208,620522102,576752.909999999916181,0.127183450324005,0.000060633369766
-1,6205221022220000000,0.144444444444444,4.166666666666667,0.018619478759834,0.000009515673142,0.000320136659834,620522102,1477268.729999999981374,0.253826014261913,0.000171282116892
-1,6205221022230000000,0.120000000000000,4.000000000000000,0.006554177082440,0.000001429112811,0.000218046108998,620522102,12754.469999999999345,0.006554178095877,0.000001429113199
-1,6205221022240000000,0.116000000000000,3.700000000000000,0.029197004153486,0.000014660141289,0.000427690740937,620522102,1288997.889999999897555,0.205100906411247,0.000146601410500
-1,6205221022250000000,0.120000000000000,3.791666666666667,0.017582589945427,0.000007521724704,0.000348891285538,620522102,1588619.389999999664724,0.231377513031841,0.000180521391512
-1,6205221022260000000,0.125200000000000,3.800000000000000,0.022219396673040,0.000011190154582,0.000377546718421,620522102,2467820.440000000875443,0.291963037244741,0.000279753871660
-1,6205221022270000000,0.098181818181818,3.272727272727273,0.015957130789497,0.000008322819892,0.000302038329915,620522102,836798.520000000018626,0.172716894010695,0.000091551021225
-1,6205221022280000000,0.117073170731707,3.707317073170732,0.012460000620538,0.000005044096625,0.000280979457543,620522102,1843064.399999999674037,0.364902587306295,0.000206807961520
-1,6205221022290000000,0.118125000000000,3.750000000000000,0.023561225687887,0.000008692159837,0.000250490806019,620522102,1228990.050000000046566,0.294400787187868,0.000139074556761
-1,6205221022300000000,0.125294117647059,3.647058823529412,0.014000437116009,0.000007101134694,0.000222439843627,620522102,1027504.119999999995343,0.157227098515731,0.000120719291596
-1,6205221032010000000,0.104716981132075,3.094339622641510,0.012796653361722,0.000005479714229,0.000291479388234,620522103,2634244.729999999981374,0.405152914679449,0.000289681540635
-1,6205221032020000000,0.096363636363636,2.681818181818182,0.011134111006514,0.000004692569053,0.000306238408626,620522103,1853099.039999999338761,0.271570606564099,0.000206015168227
-1,6205221032030000000,0.125000000000000,3.295454545454545,0.011654565897490,0.000004351990762,0.000243969608758,620522103,1710314.119999999878928,0.181315673384046,0.000191487593532
-1,6205221032040000000,0.119107142857143,3.232142857142857,0.013276707188336,0.000004775218034,0.000268843643222,620522103,2340353.239999999292195,0.306290652723335,0.000266858472624
-1,6205221032050000000,0.130810810810811,3.608108108108108,0.012265638714974,0.000004166624150,0.000271623555916,620522103,2655156.400000001303852,0.328966900866348,0.000296702097212
-1,6205221032060000000,0.128600000000000,3.600000000000000,0.013808019218464,0.000004788632653,0.000268123791183,620522103,2063159.309999999590218,0.278481758887222,0.000239431633389
-1,6205221032070000000,0.132857142857143,3.666666666666667,0.017109934644680,0.000009714107485,0.000422688293463,620522103,1760695.940000000176951,0.200243357171310,0.000203822042850
-1,6205221032080000000,0.118974358974359,3.461538461538462,0.014807100521643,0.000008024227427,0.000429549010076,620522103,2771640.360000000335276,0.269394586774769,0.000311712203665
-1,6205221032090000000,0.137000000000000,3.525000000000000,0.020701953971436,0.000012494346144,0.000408381864922,620522103,4236403.000000000000000,0.480942331930760,0.000492120221026
-1,6205221032100000000,0.147000000000000,3.840000000000000,0.015416064710593,0.000008402520510,0.000368525356039,620522103,3577377.080000000074506,0.421023987808975,0.000406950016176
-1,6205221032110000000,0.129500000000000,3.550000000000000,0.018750786284461,0.000010517328209,0.000377981196163,620522103,1855314.170000000158325,0.255306116801667,0.000210346565566
-1,6205221032120000000,0.119696969696970,3.121212121212121,0.021311606395306,0.000010735179194,0.000423017439674,620522103,2996113.139999999664724,0.427485169141861,0.000354260911927
-1,6205221032130000000,0.048032786885246,2.081967213114754,0.009858758495519,0.000004287844730,0.000311317035574,620522103,2222876.719999999739230,0.336201143325238,0.000261558525566
-1,6205221032140000000,0.040434782608696,2.521739130434783,0.008430378303681,0.000002434684989,0.000244467700475,620522103,355289.979999999981374,0.125086654301397,0.000055997753790
-1,6205221032150000000,0.049375000000000,1.875000000000000,0.010349536735800,0.000002976592907,0.000246785528623,620522103,425363.929999999993015,0.070273837138566,0.000047625486790
-1,6205221032160000000,0.141500000000000,3.550000000000000,0.021634008317969,0.000015558959246,0.000435826142202,620522103,2647062.940000000409782,0.283515717303169,0.000311179184732
-1,6205221032170000000,0.140714285714286,3.428571428571428,0.020717372026154,0.000013484182332,0.000432901363642,620522103,1604172.050000000046566,0.206608492461071,0.000188778552601
-1,6205221032180000000,0.106521739130435,2.913043478260870,0.015581531790120,0.000007418854215,0.000370573712917,620522103,2873455.370000000111759,0.359670923790979,0.000341267294133
-1,6205221032190000000,0.110434782608696,3.217391304347826,0.017060368270675,0.000008831228051,0.000396662513883,620522103,1823775.320000000065193,0.226903883470195,0.000203118044486
-1,6205221032200000000,0.107037037037037,3.370370370370370,0.018253857925984,0.000009183573450,0.000392987898982,620522103,2228202.160000000614673,0.319389230037945,0.000242822779446
-1,6205221032210000000,0.113214285714286,3.464285714285714,0.019228352272645,0.000011418157141,0.000440585889741,620522103,2831167.919999999459833,0.355311662186576,0.000313438235933
-1,6205221032220000000,0.138048780487805,3.731707317073171,0.014881006228396,0.000005786561280,0.000283224563823,620522103,2037074.969999999739230,0.248951569859136,0.000237249011758
-1,6205221042010000000,0.135154639175258,3.721649484536083,0.013748475618797,0.000003659094089,0.000198467879885,620522104,3073132.199999999720603,0.869357091070406,0.000354932124562
-1,6205221042020000000,0.141851851851852,3.814814814814815,0.006833223222286,0.000001858125046,0.000191998365825,620522104,429094.539999999979045,0.180275858189408,0.000050169376076
-1,6205221042030000000,0.134482758620690,3.620689655172414,0.014894507387398,0.000006465789222,0.000231321724443,620522104,1632708.750000000000000,0.394456245550160,0.000187507888799
-1,6205221042040000000,0.133125000000000,3.625000000000000,0.024057659152186,0.000015065953645,0.000319360626216,620522104,2107776.109999999869615,0.298550759896269,0.000241055260064
-1,6205221042050000000,0.140000000000000,4.111111111111111,0.057829218070807,0.000048416356757,0.000684986659043,620522104,3845355.879999999888241,0.379132093090894,0.000435747208584
-1,6205221042060000000,0.152121212121212,4.212121212121212,0.019232441198565,0.000005420849752,0.000233421375567,620522104,1529586.810000000055879,0.488512266929581,0.000178888038878
-1,6205221042070000000,0.149622641509434,3.905660377358490,0.011464454244761,0.000003114595712,0.000185922157655,620522104,1409977.260000000009313,0.444534845120081,0.000165073571794
-1,6205221042080000000,0.155238095238095,4.023809523809524,0.013657829847006,0.000004241593916,0.000237816116703,620522104,1520569.389999999897555,0.451841280576556,0.000178146943944
-1,6205221042090000000,0.142000000000000,3.900000000000000,0.009998536320135,0.000002047998041,0.000175367818653,620522104,177243.750000000000000,0.062942525773176,0.000020479979708
-1,6205221042100000000,0.145909090909091,3.818181818181818,0.011751738346153,0.000003914111802,0.000269218485772,620522104,732689.690000000176951,0.249666486489760,0.000086110459377
-1,6205221042110000000,0.148800000000000,3.960000000000000,0.016020801325852,0.000005019153360,0.000198915246678,620522104,1096438.490000000223517,0.344744131919435,0.000125478833745
-1,6205221042120000000,0.148333333333333,4.000000000000000,0.020372187329296,0.000007364730954,0.000229192851551,620522104,776284.730000000097789,0.168384108894063,0.000088376771676
-1,6205221042130000000,0.128571428571429,3.642857142857143,0.012321860641467,0.000003188596992,0.000188275987958,620522104,783533.219999999972060,0.296672929501222,0.000089280717085
-1,6205221042140000000,0.129375000000000,3.500000000000000,0.013383006905781,0.000004426610534,0.000274579868530,620522104,619454.390000000013970,0.162052617383810,0.000070825768339
-1,6205221042150000000,0.149285714285714,4.000000000000000,0.021286504685270,0.000009710936337,0.000312593505133,620522104,2351681.540000000502914,0.349645056989858,0.000271906217242
-1,6205221042160000000,0.137142857142857,3.714285714285714,0.053644565379199,0.000038977367556,0.000445526225109,620522104,2394736.000000000000000,0.304153244828648,0.000272841574900
-1,6205221042170000000,0.147500000000000,3.950000000000000,0.019499883262390,0.000009511589969,0.000374872176007,620522104,1639373.249999999767169,0.274982014038761,0.000190231800401
-1,6205221042180000000,0.144255319148936,3.744680851063830,0.016165908819609,0.000004579672369,0.000246375191836,620522104,1861152.889999999664724,0.498899953000595,0.000215244603151
-1,6205221042190000000,0.145600000000000,3.840000000000000,0.036463559044956,0.000027731200750,0.000408049962085,620522104,5934562.230000000447035,0.545770986614994,0.000678787103564
-1,6205221042200000000,0.151600000000000,4.080000000000000,0.026775390619353,0.000011537054439,0.000335997824452,620522104,2505078.240000000223517,0.481506712707302,0.000288274891314
-1,6205221042210000000,0.157058823529412,4.058823529411764,0.030365199644893,0.000014030834673,0.000319610579568,620522104,1976124.639999999431893,0.382377786065263,0.000236562967040
-1,6205221042220000000,0.155625000000000,4.250000000000000,0.014610612680870,0.000006658980155,0.000361064078815,620522104,1816909.939999999944121,0.311360299963016,0.000211633451448
-1,6205221042230000000,0.146000000000000,4.100000000000000,0.016068610963988,0.000007179991050,0.000307574365854,620522104,1806232.370000000344589,0.300584721968102,0.000203312619080
-1,6205221042240000000,0.137000000000000,3.825000000000000,0.011137030431049,0.000004868662786,0.000273322364465,620522104,1655990.190000000176951,0.325325300541653,0.000194746511155
-1,6205221042250000000,0.140370370370370,3.851851851851852,0.021535313045271,0.000010468428746,0.000374504065689,620522104,2420991.889999999664724,0.427432679278081,0.000282647576836
-1,6205221042260000000,0.162857142857143,4.000000000000000,0.015608093459900,0.000006358996499,0.000287997312783,620522104,1115733.479999999748543,0.313195743749449,0.000133538925865
-1,6205221042270000000,0.148064516129032,4.048387096774194,0.011975052472604,0.000003230233576,0.000214913778300,620522104,1711409.070000000298023,0.509700213629756,0.000200274482222
-1,6205221042280000000,0.136842105263158,3.789473684210526,0.018696487692468,0.000007477177732,0.000293071825597,620522104,1212266.899999999906868,0.258175139002316,0.000142066375729
-1,6205221042290000000,0.141739130434783,4.000000000000000,0.023512259378967,0.000009605394564,0.000286800840029,620522104,1895736.600000000325963,0.412958673945929,0.000220924077047
-1,6205221042300000000,0.145000000000000,3.750000000000000,0.016166448647221,0.000006752921833,0.000278601408982,620522104,1586424.799999999580905,0.385561792333452,0.000189081815679
-1,6205221042310000000,0.160500000000000,3.900000000000000,0.019309816404208,0.000008758744822,0.000339680816829,620522104,1455885.179999999701977,0.309433866569489,0.000175174897077
-1,6205221042320000000,0.151052631578947,4.000000000000000,0.020748434340420,0.000007942595581,0.000318419636158,620522104,2532455.020000000484288,0.563182073991816,0.000301818633131
-1,6205221042330000000,0.155483870967742,3.838709677419355,0.015412958487929,0.000006660106930,0.000302344162458,620522104,1728762.840000000083819,0.415489020914059,0.000206463313531
-1,6205221042340000000,0.159666666666667,4.033333333333333,0.017019593867207,0.000005335716627,0.000226359943337,620522104,1349483.270000000018626,0.424293800096400,0.000160071497256
-1,6205221042350000000,0.143513513513513,3.810810810810811,0.014876740962272,0.000003893418242,0.000177505921667,620522104,1219129.949999999953434,0.448131739231662,0.000144056473828
-1,6205222002010000000,0.141666666666667,3.666666666666667,0.019740572791105,0.000009729277955,0.000307481330558,620522200,515161.020000000018626,0.112829344071603,0.000058375668410
-1,6205222002020000000,0.130000000000000,3.181818181818182,0.012408395605567,0.000006569311672,0.000286087924341,620522200,636834.650000000023283,0.119438525077778,0.000072262428900
-1,6205222002030000000,0.113333333333333,3.333333333333333,0.011470477252607,0.000004500750645,0.000289105709660,620522200,734514.510000000125729,0.201566632704505,0.000081013513306
-1,6205222002040000000,0.117333333333333,3.333333333333333,0.020433456102652,0.000009912374619,0.000356691523657,620522200,1301927.030000000027940,0.260828137562977,0.000148685617529
-1,6205222002050000000,0.113333333333333,3.416666666666667,0.023282911925581,0.000013834812303,0.000542303094845,620522200,1473923.880000000121072,0.225713864954348,0.000166017746138
-1,6205222002060000000,0.115000000000000,3.833333333333333,0.023991784984275,0.000017642053199,0.000479027083399,620522200,940976.750000000000000,0.128010904172118,0.000105852320283
-1,6205222002070000000,0.141666666666667,3.833333333333333,0.018848463353226,0.000009682595421,0.000311406756824,620522200,1524492.289999999804422,0.279215408730263,0.000174286717163
-1,6205222002080000000,0.145000000000000,3.590909090909091,0.021220907348493,0.000011553378280,0.000320940112372,620522200,2124805.750000000000000,0.387461786004614,0.000254174322743
-1,6205222002090000000,0.154375000000000,3.750000000000000,0.016720800500657,0.000007336603255,0.000234387814696,620522200,1979043.999999999767169,0.416963525923655,0.000234771303502
-1,6205222002100000000,0.167333333333333,4.000000000000000,0.015204016807134,0.000006566722373,0.000281446514488,620522200,1629697.470000000204891,0.356682904275691,0.000197001671159
-1,6205222002110000000,0.153870967741936,3.967741935483871,0.019307600317635,0.000007524827756,0.000216175861158,620522200,1979508.529999999329448,0.424000471852375,0.000233269659002
-1,6205222002120000000,0.152857142857143,3.964285714285714,0.012748880818464,0.000005129734971,0.000243006132743,620522200,1233417.469999999739230,0.294873725723239,0.000143632582313
-1,6205222002130000000,0.130000000000000,3.434782608695652,0.015742602550549,0.000006777512222,0.000323280727779,620522200,1350255.010000000009313,0.286898350995042,0.000155882779635
-1,6205222002140000000,0.129428571428571,3.657142857142857,0.013399836526795,0.000004815788688,0.000289892490027,620522200,1461133.220000000204891,0.351276211114059,0.000168552601644
-1,6205222002150000000,0.123793103448276,3.793103448275862,0.013046400398562,0.000004262446235,0.000269262702030,620522200,1085740.360000000102445,0.344450855484013,0.000123610942519
-1,6205222002160000000,0.125000000000000,3.583333333333333,0.015203775267957,0.000005616126716,0.000308952728434,620522200,593486.670000000041910,0.125847203744744,0.000067393519818
-1,6205222002170000000,0.141250000000000,4.000000000000000,0.017901125212444,0.000007843112638,0.000268768302304,620522200,1100112.929999999934807,0.263690314099639,0.000125489801148
-1,6205222002180000000,0.148666666666667,4.066666666666666,0.013862729450853,0.000004390267345,0.000209522937653,620522200,550453.560000000055879,0.200440586325239,0.000065854011199
-1,6205222002190000000,0.127000000000000,3.900000000000000,0.011643201563237,0.000003197178825,0.000211918867754,620522200,275036.239999999990687,0.112090874927346,0.000031971787906
-1,6205222002200000000,0.122500000000000,3.875000000000000,0.012676640363199,0.000003596315118,0.000240609838933,620522200,254173.839999999996508,0.097122273032138,0.000028770521318
-1,6205222002210000000,0.113913043478261,3.130434782608696,0.013438843565841,0.000004034847086,0.000245444080046,620522200,798145.770000000018626,0.213192840952711,0.000092801482821
-1,6205222012010000000,0.087575757575758,2.606060606060606,0.016585969052355,0.000008538255613,0.000395322655555,620522201,2447183.439999999478459,0.251761526294435,0.000281762433779
-1,6205222012020000000,0.055333333333333,2.233333333333333,0.010339084708559,0.000005243200635,0.000267153684535,620522201,1235334.020000000484288,0.182676784474844,0.000157296020672
-1,6205222012030000000,0.106000000000000,3.371428571428571,0.020199654764808,0.000010089045527,0.000364012488858,620522201,3023815.869999999646097,0.320336347969526,0.000353116597938
-1,6205222012040000000,0.154545454545455,4.045454545454546,0.021343327353237,0.000010265495985,0.000357421959467,620522201,1934106.849999999627471,0.339531655274331,0.000225840912651
-1,6205222012050000000,0.144666666666667,3.866666666666667,0.026713571226422,0.000016788960583,0.000504818661804,620522201,2151934.810000000055879,0.284841516827943,0.000251834411162
-1,6205222012060000000,0.105769230769231,2.846153846153846,0.015423681999667,0.000007607405169,0.000285526810227,620522201,1734210.450000000186265,0.293131187893059,0.000197792536600
-1,6205222012070000000,0.126296296296296,3.407407407407407,0.014458193303413,0.000006502390610,0.000333402780347,620522201,1496905.730000000447035,0.225591432606353,0.000173724786191
-1,6205222012080000000,0.138181818181818,4.000000000000000,0.027662490016748,0.000014350005997,0.000390760664766,620522201,1372202.459999999962747,0.231630919151474,0.000156201850311
-1,6205222012090000000,0.089230769230769,2.794871794871795,0.012120745129823,0.000004811956364,0.000298452441168,620522201,1575927.200000000186265,0.305584774648022,0.000187666295501
-1,6205222012100000000,0.132352941176471,3.764705882352941,0.019574127325142,0.000011155821728,0.000381577856530,620522201,1610273.140000000596046,0.275609575740874,0.000189648757435
-1,6205222012110000000,0.143000000000000,4.100000000000000,0.023394430279031,0.000012045743090,0.000406491296682,620522201,2064409.479999999981374,0.308874666014414,0.000240914859791
-1,6205222012120000000,0.138571428571429,3.928571428571428,0.020560116860445,0.000011026846121,0.000371660062585,620522201,1340099.709999999962747,0.193967527665407,0.000154329435763
-1,6205222012130000000,0.131515151515152,3.636363636363636,0.015505867974175,0.000008880902738,0.000402722030376,620522201,2509233.440000000409782,0.281622163452030,0.000292438043522
-1,6205222012140000000,0.130967741935484,3.645161290322581,0.016258385932058,0.000009104282674,0.000402285672372,620522201,2468661.459999999497086,0.233721484736657,0.000282232764726
-1,6205222012150000000,0.105869565217391,3.217391304347826,0.012903182296310,0.000006349414504,0.000276462066627,620522201,2512647.149999999906868,0.326940592291637,0.000292073065253
-1,6205222012160000000,0.077115384615385,2.403846153846154,0.008797673570030,0.000003108148433,0.000271709909225,620522201,1371105.609999999869615,0.259013211850075,0.000161623712861
-1,6205222012170000000,0.103750000000000,3.125000000000000,0.017019519975940,0.000008986499299,0.000422355462495,620522201,1936244.000000000000000,0.241519922048127,0.000215675980600
-1,6205222012180000000,0.061000000000000,2.440000000000000,0.010314441243483,0.000003850740247,0.000290633598789,620522201,1566715.650000000838190,0.341307722644917,0.000192537013196
-1,6205222012190000000,0.106896551724138,2.724137931034483,0.012339018121500,0.000006415453011,0.000352096865661,620522201,1560511.360000000102445,0.142251403990661,0.000186048138894
-1,6205222012200000000,0.084827586206897,2.275862068965517,0.013380648876042,0.000007309233392,0.000275833671762,620522201,1772319.619999999413267,0.269659340392583,0.000211967766924
-1,6205222012210000000,0.141333333333333,3.500000000000000,0.020085013116684,0.000012761844905,0.000464807450261,620522201,3311296.969999999273568,0.358347601189128,0.000382855346371
-1,6205222012220000000,0.137142857142857,4.000000000000000,0.024880636765951,0.000020973578853,0.000378247244242,620522201,2573130.459999999962747,0.272680565411579,0.000293630103462
-1,6205222012230000000,0.134285714285714,3.619047619047619,0.019763154053355,0.000010999753792,0.000387112701886,620522201,3972730.090000000316650,0.526963217672942,0.000461989658749
-1,6205222012240000000,0.080000000000000,2.428571428571428,0.023783504613856,0.000020210279714,0.000401968010167,620522201,2443956.490000000223517,0.235265128611875,0.000282943916129
-1,6205222012250000000,0.145000000000000,4.000000000000000,0.072877620354475,0.000062455347327,0.000741665150311,620522201,2148125.569999999832362,0.205630940239409,0.000249821391620
-1,6205222012260000000,0.151333333333333,3.866666666666667,0.022246988041959,0.000011509177981,0.000429385532793,620522201,1465553.709999999962747,0.199143951354348,0.000172637670255
-1,6205222012270000000,0.145000000000000,3.937500000000000,0.033593727837893,0.000022667777796,0.000477370888210,620522201,3167064.660000000149012,0.342983982380318,0.000362684445918
-1,6205222012280000000,0.118181818181818,3.636363636363636,0.019367852155380,0.000012847361665,0.000397369773886,620522201,1264320.469999999972060,0.139303406159697,0.000141320978556
-1,6205222012290000000,0.142857142857143,3.857142857142857,0.020441306020477,0.000012702477600,0.000469050412537,620522201,782984.180000000051223,0.077955912725419,0.000088917341350
-1,6205222012300000000,0.090967741935484,2.774193548387097,0.013521191801293,0.000005446887513,0.000299402175665,620522201,1367307.329999999608845,0.237151042519447,0.000168853510271
-1,6205222012310000000,0.155833333333333,4.083333333333333,0.022110467320943,0.000009830576079,0.000404347018911,620522201,997959.200000000069849,0.163874607447856,0.000117463184902
-1,6205222012320000000,0.168571428571429,4.428571428571429,0.023443432581276,0.000012048692159,0.000471887282343,620522201,717502.739999999990687,0.110877053787623,0.000083889262298
-1,6205222022010000000,0.083773584905660,3.660377358490566,0.020945469199849,0.000011071261454,0.000333779375013,620522202,4945242.130000000819564,0.698388159023250,0.000586776859423
-1,6205222022020000000,0.087222222222222,3.722222222222222,0.029959998520571,0.000017926762355,0.000474650668869,620522202,2758154.700000000186265,0.309987028976737,0.000322681721600
-1,6205222022030000000,0.115714285714286,3.857142857142857,0.033643014887854,0.000026426557265,0.000532807551997,620522202,1667491.040000000037253,0.225420145729804,0.000184985899060
-1,6205222022040000000,0.110000000000000,3.714285714285714,0.028319049756471,0.000018854560113,0.000464004375443,620522202,2309955.579999999608845,0.345935554459109,0.000263963842087
-1,6205222022050000000,0.124411764705882,3.705882352941177,0.023237089447421,0.000012478840488,0.000329319087880,620522202,3586547.750000000000000,0.461959180752054,0.000424280579034
-1,6205222022060000000,0.150000000000000,4.133333333333334,0.049258960209779,0.000035853736970,0.000546489903959,620522202,4713071.290000001899898,0.536707609208205,0.000537806055993
-1,6205222022070000000,0.140800000000000,3.800000000000000,0.028017009376817,0.000012123003518,0.000279531602947,620522202,2633341.669999999925494,0.499800902247692,0.000296678080414
-1,6205222022080000000,0.120416666666667,3.875000000000000,0.028486466584267,0.000020028070753,0.000478902814234,620522202,4282892.000000000931323,0.540864933352714,0.000480673706337
-1,6205222022090000000,0.103333333333333,3.444444444444445,0.038221207147048,0.000032027814172,0.000583200998456,620522202,2573092.939999999944121,0.292744889815820,0.000288250329900
-1,6205222022100000000,0.123333333333333,3.777777777777778,0.035187882195187,0.000025216553146,0.000435808091885,620522202,2010469.899999999674037,0.255831745151505,0.000226948974037
-1,6205222022110000000,0.113333333333333,3.666666666666667,0.026990685850428,0.000019500397966,0.000531203596141,620522202,2619811.539999999571592,0.307477541803929,0.000292505969611
-1,6205222022120000000,0.152500000000000,4.250000000000000,0.079971100029525,0.000062620775142,0.000619525689651,620522202,2214124.489999999757856,0.287040367124177,0.000250483100470
-1,6205222022130000000,0.147906976744186,3.930232558139535,0.023834568818696,0.000014120349488,0.000366237028343,620522202,5236936.379999998956919,0.767058794817041,0.000607175029636
-1,6205222022140000000,0.121333333333333,3.866666666666667,0.023004000759871,0.000010935527960,0.000291608400671,620522202,1363082.489999999757856,0.272791933753815,0.000164032918625
-1,6205222022150000000,0.136666666666667,3.944444444444445,0.026188286874738,0.000019142680924,0.000548065482824,620522202,2948132.500000000000000,0.324568560112209,0.000344568259025
-1,6205222022160000000,0.124705882352941,3.705882352941177,0.036512908586008,0.000024674767092,0.000530120907334,620522202,3735055.529999999329448,0.472338656721162,0.000419471037990
-1,6205222022170000000,0.127368421052632,3.736842105263158,0.035565507022171,0.000028313075513,0.000473031109335,620522202,4744013.229999999515712,0.487581390382327,0.000537948439342
-1,6205222022180000000,0.130909090909091,3.590909090909091,0.028004073758092,0.000017211157414,0.000507289544123,620522202,3279944.260000000707805,0.347678014270327,0.000378645469847
-1,6205222022190000000,0.125000000000000,3.450000000000000,0.040475975360208,0.000027128771562,0.000476014967340,620522202,4806534.679999999701977,0.470455128713327,0.000539817188815
-1,6205222022200000000,0.106470588235294,3.294117647058823,0.035632933530329,0.000020244932770,0.000419476630982,620522202,3088054.500000000465661,0.388618756209224,0.000341784445554
-1,6205222022210000000,0.154166666666667,4.166666666666667,0.043946422099987,0.000031394464866,0.000544994039920,620522202,3245186.300000000279397,0.347515646117223,0.000376733579074
-1,6205222022220000000,0.082500000000000,4.000000000000000,0.023975238172671,0.000015585847066,0.000388682298550,620522202,1521636.629999999888241,0.244166468593293,0.000187030166416
-1,6205222022230000000,0.120454545454545,3.727272727272727,0.023926447093530,0.000011378910681,0.000368934866691,620522202,2203563.359999999869615,0.416401154259175,0.000250336039681
-1,6205222022240000000,0.130833333333333,3.833333333333333,0.029033428911938,0.000014481125544,0.000381636167827,620522202,1510000.600000000093132,0.278837570667014,0.000173773508740
-1,6205222022250000000,0.134782608695652,3.739130434782609,0.026737862927220,0.000014271088909,0.000432086926269,620522202,2817346.160000000149012,0.464275503778256,0.000328235043436
-1,6205222022260000000,0.139230769230769,4.000000000000000,0.033122686475402,0.000019421740058,0.000450825847531,620522202,2169983.790000000037253,0.287591273435706,0.000252482623503
-1,6205222022270000000,0.157500000000000,4.000000000000000,0.026896455091176,0.000016731180274,0.000402717736160,620522202,2842420.309999999590218,0.356130576042333,0.000334623606062
-1,6205222022280000000,0.152000000000000,4.250000000000000,0.017690456616420,0.000011090966806,0.000429934577475,620522202,1936276.289999999571592,0.254333465420211,0.000221819335040
-1,6205222032010000000,0.123333333333333,3.952380952380953,0.010933594090444,0.000003309130133,0.000231982920900,620522203,351938.719999999972060,0.097731861981644,0.000069491734401
-1,6205222032020000000,0.158888888888889,4.222222222222222,0.007899936697303,0.000002461503538,0.000240999911428,620522203,374530.119999999937136,0.125240021214979,0.000044307065330
-1,6205222032030000000,0.138750000000000,4.000000000000000,0.019634244872488,0.000010002811037,0.000456514998273,620522203,708650.290000000037253,0.129155522130494,0.000080022488794
-1,6205222032040000000,0.138181818181818,4.000000000000000,0.013287105706662,0.000005929617017,0.000262027631787,620522203,580308.880000000004657,0.127074340328307,0.000065225788477
-1,6205222032050000000,0.142500000000000,4.035714285714286,0.014738412920585,0.000004565935134,0.000214213035117,620522203,1129000.209999999962747,0.367913255845718,0.000127846184929
-1,6205222032060000000,0.092682926829268,2.878048780487805,0.007914143005493,0.000002728388039,0.000205463954169,620522203,983747.110000000451691,0.252482052447925,0.000111863909546
-1,6205222032070000000,0.110200000000000,3.360000000000000,0.009440033307555,0.000002815960746,0.000208505134958,620522203,1228583.580000000307336,0.377504732357863,0.000140798040019
-1,6205222032080000000,0.126585365853659,3.512195121951220,0.011818390348622,0.000004320576510,0.000222072056289,620522203,1541088.050000000279397,0.330085450422981,0.000177143638405
-1,6205222032090000000,0.125500000000000,3.725000000000000,0.010097149857474,0.000003224925163,0.000224362772608,620522203,1133103.950000000186265,0.285115708134839,0.000128997006464
-1,6205222032100000000,0.141666666666667,3.900000000000000,0.016340039276763,0.000008220740592,0.000339552399192,620522203,2103844.830000000540167,0.336244225073178,0.000246622214736
-1,6205222032110000000,0.124107142857143,3.669642857142857,0.010390616934115,0.000003203439339,0.000234896761645,620522203,3126887.799999999813735,0.814160705193124,0.000358785209776
-1,6205222032120000000,0.123571428571429,3.714285714285714,0.013307770418857,0.000005778839112,0.000274835295387,620522203,2842898.520000000018626,0.571196990655308,0.000323614986995
-1,6205222032130000000,0.143230769230769,3.969230769230769,0.012063330501328,0.000004036600669,0.000247250109179,620522203,2248930.390000000596046,0.507929157541816,0.000262379041891
-1,6205222032140000000,0.139482758620690,4.000000000000000,0.011240719236789,0.000003114055544,0.000239517120178,620522203,1553559.250000000232831,0.488522578311155,0.000180615219256
-1,6205222032150000000,0.147037037037037,4.148148148148148,0.011723817861391,0.000004027303722,0.000286009627199,620522203,1867822.630000000353903,0.437420898146429,0.000217474401568
-1,6205222032160000000,0.154385964912281,4.228070175438597,0.011926088045326,0.000003539899323,0.000208781176739,620522203,1711978.050000000279397,0.554891450605968,0.000201774259344
-1,6205222032170000000,0.136666666666667,3.857142857142857,0.026072661576064,0.000013051601797,0.000350535699462,620522203,2372817.039999999571592,0.422005589156653,0.000274083638574
-1,6205222032180000000,0.129200000000000,3.840000000000000,0.014084517864357,0.000004758811405,0.000211041878720,620522203,2036397.130000000121072,0.465469635227171,0.000237940573433
-1,6205222032190000000,0.127777777777778,3.866666666666667,0.011604654003421,0.000003874749211,0.000238724947034,620522203,1508694.960000000195578,0.332868330864934,0.000174363715027
-1,6205222032200000000,0.140000000000000,4.000000000000000,0.009754373363991,0.000002854309292,0.000205990463733,620522203,1065692.550000000046566,0.334969530914508,0.000125589610732
-1,6205222032210000000,0.147272727272727,4.000000000000000,0.024768625552761,0.000012238140477,0.000367218535179,620522203,1150139.939999999944121,0.223400574353610,0.000134619544798
-1,6205222032220000000,0.123000000000000,3.700000000000000,0.015442976961824,0.000008175783284,0.000245494290713,620522203,1373696.169999999692664,0.183898745454103,0.000163515664945
-1,6205222042010000000,0.134000000000000,3.560000000000000,0.013736284514784,0.000004789328039,0.000283030950478,620522204,1049456.200000000186265,0.235517328226767,0.000119733200391
-1,6205222042020000000,0.132916666666667,3.611111111111111,0.006680604358670,0.000001503982455,0.000174872469105,620522204,947744.999999999534339,0.430426938537001,0.000108286734481
-1,6205222042030000000,0.085714285714286,2.785714285714286,0.008222907959667,0.000002742742144,0.000216073946050,620522204,338699.410000000032596,0.105231365676623,0.000038398392934
-1,6205222042040000000,0.140857142857143,3.714285714285714,0.013310196085886,0.000003736081098,0.000206101277757,620522204,1121142.160000000149012,0.416008728856019,0.000130762839039
-1,6205222042050000000,0.151785714285714,3.910714285714286,0.010183103301914,0.000002886828365,0.000192646907319,620522204,1385943.800000000279397,0.344709839541397,0.000161662387644
-1,6205222042060000000,0.110370370370370,3.370370370370370,0.019980143176485,0.000008273721453,0.000336540550703,620522204,1959371.980000000214204,0.360281474512322,0.000223390477990
-1,6205222042070000000,0.166000000000000,4.450000000000000,0.015787913294128,0.000006920216683,0.000328310847016,620522204,1156300.160000000149012,0.254589449005370,0.000138404333807
-1,6205222042080000000,0.073333333333333,2.666666666666667,0.010490995039050,0.000001984699498,0.000160684593920,620522204,106769.020000000004075,0.062231705087965,0.000011908196843
-1,6205222042090000000,0.127333333333333,3.600000000000000,0.014527973879559,0.000005742030826,0.000281166401991,620522204,717198.089999999967404,0.181645843987180,0.000086130462313
-1,6205222042100000000,0.143611111111111,3.944444444444445,0.015956946921483,0.000006567770445,0.000283309854937,620522204,2014185.759999999776483,0.342320092589995,0.000236439735040
-1,6205222042110000000,0.146153846153846,4.153846153846154,0.021055670666906,0.000009478383142,0.000384420095364,620522204,922731.739999999990687,0.217780460589816,0.000123218982160
-1,6205222042120000000,0.149310344827586,4.172413793103448,0.023916325373914,0.000011659137578,0.000376455941943,620522204,2908688.979999999981374,0.490909768735553,0.000338114988597
-1,6205222042130000000,0.172333333333333,4.366666666666666,0.015070025250086,0.000007631005102,0.000336828085174,620522204,1914889.360000000335276,0.335975095617703,0.000228930153488
-1,6205222042140000000,0.141000000000000,3.800000000000000,0.013777514472944,0.000004704382051,0.000242000091565,620522204,785746.989999999874271,0.222237321700684,0.000094087641041
-1,6205222042150000000,0.136785714285714,3.714285714285714,0.014353097304822,0.000004530841686,0.000207192057885,620522204,1085042.060000000055879,0.287276293509861,0.000126863566689
-1,6205222042160000000,0.138666666666667,3.833333333333333,0.014919467726329,0.000005860854649,0.000331315310862,620522204,1507662.000000000000000,0.375174056624414,0.000175825641360
-1,6205222042170000000,0.145000000000000,4.100000000000000,0.019491967728974,0.000008870427256,0.000386206886475,620522204,1563565.709999999729916,0.333293343467907,0.000177408544480
-1,6205222042180000000,0.161627906976744,4.232558139534884,0.016863800135095,0.000008810467566,0.000336394640104,620522204,3160691.829999999143183,0.476797771366091,0.000378850107279
-1,6205222042190000000,0.162982456140351,4.245614035087719,0.013852946767925,0.000004863900800,0.000280644544550,620522204,2352462.400000000372529,0.525468170874249,0.000277242342905
-1,6205222042200000000,0.148461538461538,4.076923076923077,0.033635879684645,0.000024362316197,0.000460926897323,620522204,2717999.819999999832362,0.335062612787933,0.000316710109727
-1,6205222042210000000,0.151818181818182,4.090909090909091,0.019053148220768,0.000009445550172,0.000382651233475,620522204,867327.530000000027940,0.126026108345541,0.000103526148092
-1,6205222042220000000,0.156666666666667,4.133333333333334,0.025312192529685,0.000013502903224,0.000430476957145,620522204,1717402.790000000270084,0.236351565222339,0.000202543550531
-1,6205222042230000000,0.141200000000000,3.880000000000000,0.028521895721747,0.000015206910696,0.000365982649382,620522204,3268683.010000000242144,0.498063487660771,0.000379903943183
-1,6205222042240000000,0.161500000000000,4.300000000000000,0.034346323486073,0.000025377774302,0.000487503889005,620522204,4328823.479999999515712,0.474673199693238,0.000507555484142
-1,6205222052010000000,0.126250000000000,3.300000000000000,0.011096170499966,0.000004402905007,0.000290684371256,620522205,1522331.949999999953434,0.277749542815346,0.000174881966671
-1,6205222052020000000,0.123538461538462,3.600000000000000,0.015936163916486,0.000006786452844,0.000307759236894,620522205,3831052.750000000000000,0.712617559215483,0.000441119437106
-1,6205222052030000000,0.112083333333333,3.958333333333333,0.012597382335771,0.000004467615955,0.000181504467368,620522205,2695121.410000000614673,0.660491412023069,0.000321639298077
-1,6205222052040000000,0.126969696969697,3.833333333333333,0.015538896729830,0.000006828462196,0.000328956880197,620522205,3878709.359999999869615,0.673620091649537,0.000450678502832
-1,6205222052050000000,0.122500000000000,3.468750000000000,0.014213566334373,0.000007407586165,0.000353366342661,620522205,2076722.360000000335276,0.245625621618942,0.000237042757408
-1,6205222052060000000,0.140555555555556,3.944444444444445,0.024584673308543,0.000015011981353,0.000439872682234,620522205,2290988.800000000279397,0.349487945633222,0.000270215663485
-1,6205222052070000000,0.144901960784314,4.019607843137255,0.014485364365068,0.000005392521882,0.000298326531188,620522205,2342163.490000000223517,0.496630196729368,0.000275018612045
-1,6205222052080000000,0.142291666666667,4.000000000000000,0.015828958456926,0.000006440113664,0.000297558839058,620522205,2602014.089999999385327,0.513747110316035,0.000309125456581
-1,6205222052090000000,0.154642857142857,4.107142857142857,0.021410028940438,0.000008877595721,0.000303446689938,620522205,2097832.349999999627471,0.388870773468954,0.000248572681516
-1,6205222052100000000,0.130625000000000,3.729166666666667,0.016492662846750,0.000006773357283,0.000256889178667,620522205,2801912.789999999571592,0.589863799909065,0.000317086519041
-1,6205222052110000000,0.145405405405405,3.864864864864865,0.019699595644847,0.000008419190130,0.000276680218585,620522205,2687274.939999999012798,0.517320845207516,0.000311510031763
-1,6205222052120000000,0.139365079365079,3.888888888888889,0.013652022089977,0.000005625054849,0.000286231410562,620522205,3014258.289999998640269,0.549214301471020,0.000320278076624
-1,6205222052130000000,0.130000000000000,3.640000000000000,0.020908434249510,0.000010133354426,0.000297408460212,620522205,2174175.060000000521541,0.349951014413830,0.000243326415448
-1,6205222052140000000,0.128333333333333,3.750000000000000,0.021895438311087,0.000009842922352,0.000351074537930,620522205,2041644.110000000335276,0.376813836176828,0.000236230136172
-1,6205222052150000000,0.140000000000000,4.030303030303030,0.021434161480297,0.000010076582257,0.000357295990768,620522205,2781463.909999998752028,0.516229005953281,0.000332527213187
-1,6205222052160000000,0.117800000000000,3.980000000000000,0.022071701304609,0.000008983324531,0.000274051310513,620522205,3783813.719999999273568,0.847996886535933,0.000447906663825
-1,6205222052170000000,0.116862745098039,3.686274509803921,0.017722432874368,0.000009216643423,0.000324813147290,620522205,3877263.530000000726432,0.539761969655272,0.000447244689393
-1,6205222052180000000,0.136571428571429,3.942857142857143,0.017380619211376,0.000007468815454,0.000294560660573,620522205,2169624.740000000223517,0.388688010984191,0.000260405124949
-1,6205222052190000000,0.132000000000000,3.600000000000000,0.021134501101261,0.000009281066864,0.000337862716914,620522205,1600831.919999999925494,0.326290533541381,0.000185621336609
-1,6205222052200000000,0.131666666666667,3.866666666666667,0.012175655953763,0.000004975006279,0.000290420258214,620522205,1258121.089999999850988,0.274203321863220,0.000149250187317
-1,6205222052210000000,0.125925925925926,3.888888888888889,0.015284576428427,0.000006455196901,0.000324614033243,620522205,3022053.170000000856817,0.467085974552514,0.000348580627073
-1,6205222052220000000,0.128918918918919,3.783783783783784,0.019764082307333,0.000008440844795,0.000338454210396,620522205,2681299.770000000484288,0.518929513667794,0.000310579792935
-1,6205222052230000000,0.122666666666667,3.866666666666667,0.023412118678276,0.000013172362573,0.000319741394847,620522205,1738851.599999999627471,0.271268247492594,0.000196843705764
-1,6205222052240000000,0.101428571428571,3.900000000000000,0.018592794065098,0.000006938669770,0.000274743288974,620522205,3884948.719999999739230,0.729701154182922,0.000464893498647
-1,6205222052250000000,0.143333333333333,4.000000000000000,0.025705016117025,0.000011874676679,0.000340697360148,620522205,1485921.970000000204891,0.274073612854513,0.000178120146791
-1,6205222052260000000,0.135217391304348,4.000000000000000,0.012602558182632,0.000003963759419,0.000248292464876,620522205,783438.709999999962747,0.218625940931059,0.000086843857803
-1,6205222052270000000,0.118750000000000,3.687500000000000,0.011573980849623,0.000005217702778,0.000317914752546,620522205,736841.439999999827705,0.154341983004055,0.000083483244020
-1,6205222052280000000,0.121818181818182,3.909090909090909,0.020991802564864,0.000008460498465,0.000329266711589,620522205,1642145.520000000251457,0.392488062950483,0.000186130968002
-1,6205222052290000000,0.134210526315789,3.947368421052631,0.018024677577801,0.000007883380098,0.000329045784173,620522205,1296665.789999999571592,0.268107140695251,0.000149784221320
-1,6205222052300000000,0.133200000000000,3.800000000000000,0.018081442231105,0.000006763451454,0.000286738971149,620522205,1428468.330000000307336,0.332110012386407,0.000169086285338
-1,6205222052310000000,0.130408163265306,4.102040816326531,0.020370454762869,0.000008610853975,0.000277974431963,620522205,3452318.920000000391155,0.754667469357032,0.000414177130206
-1,6205222062010000000,0.129189189189189,3.648648648648649,0.015774670712875,0.000007145203091,0.000346826658918,620522206,2288994.440000000409782,0.497193135052093,0.000264372511180
-1,6205222062020000000,0.128421052631579,3.815789473684211,0.017346785154457,0.000007742196425,0.000357211014488,620522206,2556132.389999999664724,0.558955722198960,0.000294203464273
-1,6205222062030000000,0.138305084745763,3.779661016949153,0.019390506293878,0.000009223547677,0.000372314589577,620522206,4621542.330000000074506,0.737320669518098,0.000544189310561
-1,6205222062040000000,0.147916666666667,4.041666666666667,0.019800662920755,0.000008170423069,0.000342379021896,620522206,1664394.330000000307336,0.360906001617960,0.000196090154201
-1,6205222062050000000,0.141071428571429,3.964285714285714,0.020897231756217,0.000010493948980,0.000369447157933,620522206,2553498.259999999776483,0.416703003977846,0.000293830572966
-1,6205222062060000000,0.147096774193548,4.096774193548387,0.015584604397870,0.000007497666832,0.000344680308328,620522206,1977937.160000000149012,0.354311167571653,0.000232427673614
-1,6205222062070000000,0.152800000000000,4.160000000000000,0.024285195390761,0.000010926156961,0.000363913926994,620522206,2293150.729999999981374,0.414591351402527,0.000273153925065
-1,6205222062080000000,0.145185185185185,4.111111111111111,0.018788828609878,0.000009932858670,0.000340315165314,620522206,2322552.389999999664724,0.417102421505333,0.000268187184960
-1,6205222062090000000,0.145471698113208,4.094339622641510,0.015670863012209,0.000005966860305,0.000302197558801,620522206,2700472.550000000279397,0.494509149040824,0.000316243599143
-1,6205222062100000000,0.140833333333333,4.066666666666666,0.017023655020221,0.000007185614564,0.000321016807401,620522206,3674256.120000000577420,0.687679082315671,0.000429726994168
-1,6205222062110000000,0.141166666666667,3.966666666666667,0.016895776977558,0.000006928325836,0.000295730517886,620522206,3564423.340000000316650,0.641441919517798,0.000385149172761
-1,6205222062120000000,0.134285714285714,3.914285714285714,0.015259675237175,0.000007950745339,0.000407633871416,620522206,2416087.160000000614673,0.359680909428997,0.000277829526066
-1,6205222062130000000,0.127037037037037,3.925925925925926,0.020805845571655,0.000010222448407,0.000397077703486,620522206,2402098.710000000428408,0.381380500585171,0.000275641063279
-1,6205222062140000000,0.147619047619048,3.880952380952381,0.019153003645157,0.000009327017585,0.000343602969272,620522206,3330478.250000000931323,0.524504614662262,0.000391734741880
-1,6205222062150000000,0.134683544303797,3.911392405063291,0.017050404654756,0.000008078076909,0.000341100818029,620522206,5509146.949999998323619,0.835821497175869,0.000633964235162
-1,6205222062160000000,0.139056603773585,3.962264150943396,0.013943507059326,0.000005296712570,0.000289255096663,620522206,4857969.579999998211861,0.877783892575790,0.000550923673891
-1,6205222062170000000,0.127727272727273,3.727272727272727,0.019171884364566,0.000008199542195,0.000344220002576,620522206,1544634.570000000530854,0.309801648985322,0.000180389927040
-1,6205222062180000000,0.127083333333333,3.750000000000000,0.020710914092893,0.000011150110350,0.000366344265215,620522206,2319927.549999999813735,0.364351369019236,0.000267602647444
-1,6205222062190000000,0.129803921568627,3.882352941176471,0.020563765886143,0.000010488908694,0.000327988771927,620522206,4664714.009999999776483,0.806473035506279,0.000533209152550
-1,6205222062200000000,0.129375000000000,3.645833333333333,0.018376173154274,0.000008886542801,0.000342918062528,620522206,3714960.940000000875443,0.675270801364476,0.000426549869785
-1,6205222062210000000,0.128490566037736,3.735849056603774,0.020436254597544,0.000009426011470,0.000376319452029,620522206,4271342.720000000670552,0.713698419832083,0.000479082380877
-1,6205222062220000000,0.122800000000000,3.560000000000000,0.018928329594996,0.000007744659708,0.000319884026785,620522206,1686757.379999999888241,0.367836044095451,0.000192399768094
-1,6205222062230000000,0.119651162790698,3.372093023255814,0.014060634950766,0.000005446531841,0.000324185846264,620522206,4078941.379999997559935,0.743309047337194,0.000468401738511
-1,6205222062240000000,0.123125000000000,3.687500000000000,0.013521696224272,0.000005207486596,0.000317972660809,620522206,2898828.990000000223517,0.557571455142673,0.000328447727825
-1,6205222062250000000,0.119777777777778,3.444444444444445,0.013846147207616,0.000005398786698,0.000320564117949,620522206,4219034.950000000186265,0.623216337088802,0.000470540010351
-1,6205222062260000000,0.130576923076923,3.750000000000000,0.012509629497583,0.000004266190354,0.000258419206021,620522206,1924826.979999999981374,0.432539112944971,0.000216337719268
-1,6205222062270000000,0.118947368421053,3.473684210526316,0.017762328970108,0.000006967454492,0.000310808076364,620522206,2334478.450000000186265,0.374302072631123,0.000264574939468
-1,6205222062280000000,0.126511627906977,3.511627906976744,0.011769662639787,0.000003596079864,0.000243360667233,620522206,1358268.369999999878928,0.314083321495879,0.000154631433759
-1,6205222062290000000,0.144418604651163,3.976744186046512,0.015094362264508,0.000005783156530,0.000306248498788,620522206,2161679.080000000074506,0.444829571351256,0.000248510983974
-1,6205222062300000000,0.154444444444444,4.222222222222222,0.020769196010521,0.000010713540070,0.000357364149708,620522206,2458245.180000000167638,0.379858374593410,0.000282348422340
-1,6205222062310000000,0.135000000000000,3.900000000000000,0.007179352384786,0.000001340189746,0.000157666373297,620522206,112990.669999999998254,0.064232094187846,0.000013401897327
-1,6205222072010000000,0.124482758620690,3.482758620689655,0.014414178207395,0.000006873865287,0.000339958547576,620522207,5153989.959999999031425,0.662266873079231,0.000596975079249
-1,6205222072020000000,0.135813953488372,3.790697674418605,0.015096790204288,0.000006525851856,0.000323097558550,620522207,2429838.590000000316650,0.366429310278110,0.000271143889157
-1,6205222072030000000,0.163000000000000,4.300000000000000,0.020367943577326,0.000013238708469,0.000312408621612,620522207,1085247.090000000083819,0.167774557868781,0.000132387084347
-1,6205222072040000000,0.144571428571429,4.000000000000000,0.015782327264272,0.000005526049399,0.000279264891325,620522207,1683695.780000000027940,0.372375131160444,0.000181408047556
-1,6205222072050000000,0.125454545454545,3.393939393939394,0.017817948605865,0.000011819024897,0.000327396294029,620522207,3305836.789999999571592,0.444859139548049,0.000390027821158
-1,6205222072060000000,0.146000000000000,3.600000000000000,0.014554098770895,0.000006378628140,0.000141494064613,620522207,1071692.340000000083819,0.178454435126115,0.000127572563851
-1,6205222072070000000,0.152500000000000,3.694444444444445,0.017230625540022,0.000008056266851,0.000233362215058,620522207,2459066.070000000298023,0.464757101253305,0.000290025606032
-1,6205222072080000000,0.122000000000000,3.500000000000000,0.034479655455595,0.000026771036433,0.000430470930289,620522207,2359932.220000000204891,0.246691141032584,0.000267710364599
-1,6205222072090000000,0.144117647058823,3.411764705882353,0.027713643488839,0.000019127069717,0.000449155394803,620522207,2786587.679999999701977,0.391748821219073,0.000325160183877
-1,6205222072100000000,0.133157894736842,3.368421052631579,0.027538683458428,0.000019628391774,0.000494592637688,620522207,3253598.579999999608845,0.305070517403473,0.000372939447357
-1,6205222072110000000,0.123728813559322,3.542372881355932,0.013632505403488,0.000005528655239,0.000329545385895,620522207,2805793.089999999385327,0.451057589048568,0.000325249142019
-1,6205222072120000000,0.133800000000000,3.680000000000000,0.011760466425865,0.000005155028688,0.000336225643741,620522207,2219514.090000000316650,0.374716649255215,0.000257619051847
-1,6205222072130000000,0.138295454545454,3.875000000000000,0.010594537747404,0.000003318560048,0.000276760783597,620522207,2470731.800000000279397,0.453497027434413,0.000292033288629
-1,6205222072140000000,0.123243243243243,3.459459459459460,0.015847190388019,0.000008165799995,0.000409596038574,620522207,2627713.189999999478459,0.265029360567088,0.000302134600988
-1,6205222072150000000,0.118474576271186,3.508474576271186,0.013755554768976,0.000005531665774,0.000316702365914,620522207,2833761.870000000111759,0.418992851777623,0.000326368277389
-1,6205222072160000000,0.134285714285714,3.857142857142857,0.013698871303345,0.000005891846167,0.000307964977230,620522207,1797304.100000000093132,0.320838035062873,0.000206214614165
-1,6205222072170000000,0.128888888888889,3.555555555555555,0.038128466981148,0.000023936332028,0.000445896806232,620522207,3774598.260000000242144,0.481195039621689,0.000430853980062
-1,6205222082010000000,0.116046511627907,3.581395348837209,0.012071745505870,0.000003514501050,0.000187190990559,620522208,1328925.309999999823049,0.418201333556761,0.000151123544695
-1,6205222082020000000,0.102368421052632,3.368421052631579,0.009043301278114,0.000002467699498,0.000157113051717,620522208,844326.030000000260770,0.268997517156783,0.000093772582230
-1,6205222082030000000,0.100000000000000,3.000000000000000,0.039185975845255,0.000035767830958,0.000384369127697,620522208,1315636.600000000093132,0.146184961895210,0.000143071326655
-1,6205222082040000000,0.126923076923077,3.538461538461538,0.014226763912262,0.000004192842813,0.000206913516027,620522208,969412.770000000018626,0.327182371101043,0.000109013910228
-1,6205222082050000000,0.115833333333333,3.791666666666667,0.006945158193073,0.000000948783156,0.000131000110946,620522208,201143.249999999941792,0.161105901587972,0.000022770795314
-1,6205222082060000000,0.113142857142857,3.542857142857143,0.009387643751111,0.000002696821462,0.000200017021384,620522208,827151.160000000032596,0.268987862842817,0.000094388751166
-1,6205222082070000000,0.130000000000000,3.894736842105263,0.011858106793404,0.000005142111276,0.000241483545409,620522208,841307.520000000135042,0.188724187027567,0.000097700114633
-1,6205222082080000000,0.158026315789474,4.197368421052632,0.010973342761419,0.000003812430625,0.000292636188922,620522208,2449303.260000000707805,0.538825589307564,0.000289744725702
-1,6205222082090000000,0.131176470588235,3.823529411764706,0.015769170259942,0.000005588288683,0.000301901944149,620522208,1654473.459999999729916,0.382218510266615,0.000190001812992
-1,6205222082100000000,0.136153846153846,3.807692307692307,0.015035776414654,0.000005561414744,0.000276826711743,620522208,1249745.230000000214204,0.282879630557037,0.000144596784337
-1,6205222082110000000,0.116363636363636,3.727272727272727,0.021686566815444,0.000011452045897,0.000435691080859,620522208,1117838.500000000000000,0.192420053052905,0.000125972504999
-1,6205222082120000000,0.138214285714286,3.982142857142857,0.013189424172389,0.000004845208052,0.000308081433418,620522208,2327626.409999999683350,0.582182819070407,0.000271331651314
-1,6205222082130000000,0.142173913043478,4.000000000000000,0.020234357743967,0.000012024575045,0.000419074857861,620522208,2393692.049999999813735,0.266849859758017,0.000275916550626
-1,6205222082140000000,0.143333333333333,4.222222222222222,0.038821260186424,0.000028931401079,0.000446742811630,620522208,2290666.370000000111759,0.234805761583557,0.000260062625736
-1,6205222082150000000,0.151538461538462,4.153846153846154,0.024299758445097,0.000014402715159,0.000246495989257,620522208,1599775.339999999850988,0.231016526273585,0.000187235298140
-1,6205222082160000000,0.164642857142857,4.285714285714286,0.013389321521084,0.000005024345445,0.000330984157938,620522208,2382845.180000000167638,0.493920167071361,0.000281363342875
-1,6205222082170000000,0.131750000000000,3.975000000000000,0.016270908345954,0.000006354730064,0.000325847930238,620522208,2222897.000000000000000,0.425113162620925,0.000252969737970
-1,6205222082180000000,0.150350877192982,4.228070175438597,0.012749834046948,0.000004889200648,0.000273309473079,620522208,2396307.750000000000000,0.501761882147106,0.000275893524991
-1,6205222082190000000,0.118611111111111,3.555555555555555,0.014002194804322,0.000005749084219,0.000309257742264,620522208,3596348.219999999273568,0.576051748655592,0.000395319244755
-1,6205222082200000000,0.121818181818182,3.750000000000000,0.010759429868455,0.000003903989627,0.000281103788345,620522208,1482977.249999999767169,0.307353058777413,0.000171775540934
-1,6205222082210000000,0.150412371134020,4.041237113402062,0.011289433000539,0.000004299657629,0.000307167839946,620522208,3521313.650000000372529,0.668169547201907,0.000417066793294
-1,6205222082220000000,0.120000000000000,3.490196078431373,0.010733688709686,0.000003851458692,0.000312080689636,620522208,1712448.929999999701977,0.344005922065566,0.000196424392676
-1,6205222082230000000,0.144888888888889,4.088888888888889,0.014599537085620,0.000007094279742,0.000330948183196,620522208,2775854.410000000149012,0.446742202507825,0.000319242591095
-1,6205222092010000000,0.110781250000000,3.218750000000000,0.014147436560457,0.000006620240577,0.000361019284876,620522209,3734232.030000000726432,0.481451240479150,0.000418691923912
-1,6205222092020000000,0.104878048780488,3.292682926829268,0.012610010219076,0.000005342588972,0.000307286919365,620522209,1953056.200000000186265,0.299871379395698,0.000217619999117
-1,6205222092030000000,0.118750000000000,3.208333333333333,0.015685438244867,0.000007486047829,0.000421309567944,620522209,1566628.910000000149012,0.199262387870158,0.000169963571809
-1,6205222092040000000,0.103750000000000,3.166666666666667,0.016219548273878,0.000007873301834,0.000360368519870,620522209,1707930.859999999636784,0.251914494785972,0.000169237331266
-1,6205222092050000000,0.109607843137255,3.215686274509804,0.014542349129078,0.000007028379642,0.000389813944531,620522209,3197052.789999999105930,0.367220500578412,0.000358356776434
-1,6205222092060000000,0.116250000000000,3.312500000000000,0.020463492779514,0.000010624759592,0.000443926711575,620522209,1514166.249999999767169,0.234395441863267,0.000169996152733
-1,6205222092070000000,0.104090909090909,3.272727272727273,0.018488785916545,0.000010869195831,0.000424990809986,620522209,2144469.979999999981374,0.259984771388462,0.000239122311137
-1,6205222092080000000,0.110000000000000,3.388888888888889,0.012258094299563,0.000005157230036,0.000311760312955,620522209,2453963.630000000353903,0.330686743688344,0.000278490421034
-1,6205222092090000000,0.109615384615385,3.307692307692307,0.014026201177649,0.000006547177811,0.000392216917867,620522209,1495031.749999999767169,0.204791675469781,0.000170226619740
-1,6205222092100000000,0.110714285714286,3.285714285714286,0.011379814750784,0.000003959265613,0.000312029255073,620522209,974072.740000000223517,0.118551159296951,0.000110859437057
-1,6205222092110000000,0.096756756756757,3.189189189189189,0.014507358797438,0.000006926643800,0.000403350084282,620522209,2306878.150000000372529,0.244010153023721,0.000256285821188
-1,6205222092120000000,0.094375000000000,3.218750000000000,0.014294281336833,0.000007577082189,0.000400563018090,620522209,2135497.229999999981374,0.211869167277537,0.000242466631412
-1,6205222092130000000,0.092857142857143,3.253968253968254,0.009438631155442,0.000003659290273,0.000294677844965,620522209,2014631.090000000549480,0.277040416231961,0.000230535285275
-1,6205222092140000000,0.098867924528302,3.320754716981132,0.013463655224405,0.000005754109041,0.000345524713707,620522209,2739724.369999999646097,0.415082640127272,0.000304967779345
-1,6205222092150000000,0.103571428571429,3.571428571428572,0.014501301907532,0.000008503885275,0.000449144829623,620522209,1060303.829999999841675,0.150437647347386,0.000119054393057
-1,6205222092160000000,0.112333333333333,3.266666666666667,0.012280012896702,0.000004947930816,0.000315255797669,620522209,1304928.049999999813735,0.207215815755024,0.000146795700333
-1,6205222092170000000,0.112195121951219,3.414634146341463,0.013538109720499,0.000006266948875,0.000374017415091,620522209,2243019.600000000093132,0.259139355027314,0.000255303090725
-1,6205222092180000000,0.110952380952381,3.428571428571428,0.015649846681590,0.000008079201849,0.000416971511831,620522209,1475887.429999999934807,0.149828149667635,0.000168055349232
-1,6205222092190000000,0.107380952380952,3.571428571428572,0.015078392099234,0.000006147199082,0.000326826613237,620522209,2262845.640000000130385,0.379091749415366,0.000231341812470
-1,6205222092200000000,0.122857142857143,3.857142857142857,0.012177326607805,0.000004557981494,0.000330891450386,620522209,825245.819999999948777,0.136713138396785,0.000093234268458
-1,6205222102010000000,0.115423728813559,3.305084745762712,0.012709109106902,0.000005052629100,0.000309786819866,620522210,2586695.809999999590218,0.416940435496939,0.000298105116316
-1,6205222102020000000,0.122142857142857,3.428571428571428,0.011257194912822,0.000004225286605,0.000298647806569,620522210,1550012.959999999962747,0.285604011773970,0.000177462038564
-1,6205222102030000000,0.126562500000000,3.593750000000000,0.012021809102538,0.000004270438319,0.000314999192755,620522210,1198026.870000000111759,0.232647376652850,0.000136654023349
-1,6205222102040000000,0.107540983606557,3.459016393442623,0.015015307850483,0.000006128039976,0.000304720913099,620522210,2966794.190000000409782,0.530831882718035,0.000373810436334
-1,6205222102050000000,0.115844155844156,3.376623376623376,0.011657738835705,0.000003899996898,0.000257199097211,620522210,2668580.909999999683350,0.666737411701521,0.000300299760291
-1,6205222102060000000,0.109736842105263,3.263157894736842,0.014353021111181,0.000006515415363,0.000371323792583,620522210,2193929.339999999850988,0.278248811622103,0.000247585783248
-1,6205222102070000000,0.125636363636364,3.418181818181818,0.012902980715327,0.000004605263971,0.000271593961207,620522210,2196446.129999999422580,0.446197508421312,0.000253289519258
-1,6205222102080000000,0.109523809523810,3.500000000000000,0.015016380335764,0.000007330258662,0.000347353776882,620522210,2752691.549999998416752,0.404899003817597,0.000307605381770
-1,6205222102090000000,0.103333333333333,3.274509803921569,0.015577989176284,0.000007884229373,0.000377375065335,620522210,3616137.680000000167638,0.517593132050648,0.000387636045559
-1,6205222102100000000,0.118888888888889,3.500000000000000,0.018214067529537,0.000010649096535,0.000415209985455,620522210,3423974.520000000018626,0.433032905968520,0.000382055334400
-1,6205222102110000000,0.110666666666667,3.400000000000000,0.026204972132277,0.000014068426547,0.000450480236126,620522210,1915825.149999999906868,0.290576524917631,0.000211026401913
-1,6205222102120000000,0.121794871794872,3.487179487179487,0.016501773805740,0.000007857034805,0.000351411372770,620522210,2698238.750000000000000,0.373118633466414,0.000306424356772
-1,6205222102130000000,0.107460317460317,3.333333333333333,0.013492473362834,0.000005584976144,0.000298631444688,620522210,3158588.750000000931323,0.558114960173876,0.000351853493583
-1,6205222102140000000,0.113333333333333,3.545454545454545,0.011202326414571,0.000003432192248,0.000258106191398,620522210,997090.770000000135042,0.259892268292592,0.000113262344011
-1,6205222102150000000,0.116323529411765,3.514705882352941,0.011205088578004,0.000003978855424,0.000279909914507,620522210,2391918.329999999143183,0.486903310611804,0.000270562167762
-1,6205222102160000000,0.120769230769231,3.461538461538462,0.012144872763930,0.000004217148939,0.000277528412245,620522210,1917892.109999999403954,0.352357742097560,0.000219291743005
-1,6205222102170000000,0.114418604651163,3.441860465116279,0.012722536447031,0.000005200402781,0.000326127118440,620522210,1949160.989999999292195,0.313821222752309,0.000223617321478
-1,6205222102180000000,0.115263157894737,3.500000000000000,0.011524508287547,0.000006652497998,0.000376779412626,620522210,2258759.599999999627471,0.279967485328721,0.000252794925248
-1,6205222112010000000,0.114457831325301,3.337349397590362,0.010617819306970,0.000003395392121,0.000267145965000,620522211,2434416.099999999161810,0.496052049464981,0.000281817548078
-1,6205222112020000000,0.113387096774194,3.306451612903226,0.011701793830045,0.000003971393555,0.000269033191917,620522211,2190144.099999999161810,0.562298607619463,0.000246226402627
-1,6205222112030000000,0.114509803921569,3.568627450980392,0.016199584026006,0.000006247926413,0.000279124962505,620522211,2813844.620000000111759,0.480126370376535,0.000318644249019
-1,6205222112040000000,0.109333333333333,3.533333333333333,0.018555451380620,0.000009606944228,0.000390377929457,620522211,2545978.869999999646097,0.375775503488171,0.000288208329248
-1,6205222112050000000,0.103265306122449,3.183673469387755,0.015566486104925,0.000007419816614,0.000395396957795,620522211,3215542.940000000409782,0.411392913959577,0.000363571011786
-1,6205222112060000000,0.119836065573770,3.540983606557377,0.016994880260365,0.000009131093965,0.000391538862978,620522211,4822301.680000000633299,0.658581549331244,0.000539606136087
-1,6205222112070000000,0.117500000000000,3.575000000000000,0.011721262929364,0.000004498182306,0.000296274530124,620522211,1574083.440000000176951,0.348639665022142,0.000179927294140
-1,6205222112080000000,0.135000000000000,3.718750000000000,0.015519691725992,0.000006307673662,0.000336319938697,620522211,1725643.070000000298023,0.301179439720609,0.000196416659439
-1,6205222112090000000,0.130454545454545,3.772727272727273,0.023473880348356,0.000014740314159,0.000419262230891,620522211,5636309.369999999180436,0.727627966597950,0.000646413794379
-1,6205222112100000000,0.152500000000000,4.250000000000000,0.032612454412105,0.000019288096515,0.000401769629374,620522211,1995178.340000000083819,0.304212830072363,0.000231457157092
-1,6205222112110000000,0.130000000000000,3.750000000000000,0.038584634446635,0.000025305792874,0.000545157920736,620522211,1750205.989999999757856,0.246688320480477,0.000202446339789
-1,6205222112120000000,0.112941176470588,3.764705882352941,0.026151160941362,0.000013686252412,0.000357010060669,620522211,2059167.899999999906868,0.349590754983484,0.000232666294861
-1,6205222112130000000,0.132941176470588,3.764705882352941,0.036701129569412,0.000028188316830,0.000531399238670,620522211,4163852.439999999478459,0.409696352832221,0.000479201385191
-1,6205222112140000000,0.122727272727273,3.727272727272727,0.021448942657886,0.000011702266219,0.000425160896538,620522211,2225258.750000000000000,0.273300139028495,0.000257449856906
-1,6205222112150000000,0.116363636363636,3.568181818181818,0.012724690850004,0.000005521926476,0.000321523853210,620522211,2115517.439999999944121,0.429873256691310,0.000242964765721
-1,6205222112160000000,0.118636363636364,3.545454545454545,0.015464339358127,0.000006203656780,0.000314120790932,620522211,2382359.759999999776483,0.429385117821201,0.000272960901603
-1,6205222112170000000,0.107941176470588,3.411764705882353,0.019592595104806,0.000009118704481,0.000321791646788,620522211,2740034.660000000149012,0.387915639086462,0.000310035955875
-1,6205222112180000000,0.138571428571429,4.095238095238095,0.017667052030160,0.000008071639553,0.000319265444165,620522211,1478310.710000000195578,0.305325202250962,0.000169504429206
-1,6205222112190000000,0.147500000000000,4.250000000000000,0.017327306472227,0.000007509312985,0.000351324873000,620522211,1305260.510000000009313,0.319340458185378,0.000150186259410
-1,6205222112200000000,0.126562500000000,3.812500000000000,0.015182036652943,0.000006067865787,0.000313463912986,620522211,1705280.489999999757856,0.373779538341379,0.000194171704426
-1,6205222112210000000,0.122000000000000,3.350000000000000,0.017278234992748,0.000007197795525,0.000320719083316,620522211,1296542.510000000009313,0.296222130950388,0.000143955911430
-1,6205222112220000000,0.125000000000000,3.562500000000000,0.023069737131982,0.000011283502461,0.000378307476409,620522211,3168887.960000000428408,0.465609288737136,0.000361072081111
-1,6205230000000000000,0.090000000000000,3.000000000000000,0.015933682039057,0.000005772402167,0.000306555151698,620523000,159143.309999999997672,0.039347466087131,0.000017317204839
-1,6205232032090000000,0.124444444444444,3.777777777777778,0.023441475412717,0.000014626195873,0.000380357589731,620523203,1187496.119999999878928,0.101099675714756,0.000049015682782
-1,6205232032140000000,0.170000000000000,4.000000000000000,0.083528105003350,0.000065610665748,0.000733219250234,620523203,1087336.770000000018626,0.029504744732500,0.000006738860458
-1,6205232032160000000,0.170000000000000,4.000000000000000,0.051123631251250,0.000032228457590,0.000671234271976,620523203,530017.069999999948777,0.009216529241972,0.000002035513871
-1,6205232032170000000,0.105000000000000,3.500000000000000,0.153054930026500,0.000129366410708,0.000797099735281,620523203,2333505.399999999906868,0.031046660047378,0.000016086536956
-1,6205232052020000000,0.145000000000000,4.000000000000000,0.091557919567800,0.000060815924095,0.000416635994732,620523205,1007567.890000000013970,0.018087762218473,0.000002064107400
-1,6205232052030000000,0.132500000000000,4.000000000000000,0.104694104512380,0.000110818923670,0.000755272951836,620523205,3872778.379999999888241,0.054315291477134,0.000009564867115
-1,6205232052070000000,0.172000000000000,4.400000000000000,0.088685385634974,0.000051933905660,0.000381438364993,620523205,2160288.569999999366701,0.065339127034746,0.000014417626439
-1,6205232052090000000,0.170000000000000,4.000000000000000,0.093423090826900,0.000067672917569,0.000724370356092,620523205,560445.170000000041910,0.017277081120575,0.000008356014343
-1,6205232052100000000,0.160000000000000,4.500000000000000,0.051344913707750,0.000033032590592,0.000644966330904,620523205,558457.880000000004657,0.020219224615656,0.000002878093363
-1,6205232052110000000,0.168000000000000,4.000000000000000,0.052420984664142,0.000022445631485,0.000346927634420,620523205,929416.169999999925494,0.054246459615763,0.000014423197946
-1,6205232062010000000,0.170000000000000,4.000000000000000,0.028532751126632,0.000014493703435,0.000463406305790,620523206,712876.650000000023283,0.069811565852645,0.000022624783893
-1,6205232062040000000,0.176666666666667,4.500000000000000,0.033523960079360,0.000017217356105,0.000283818672296,620523206,868428.719999999972060,0.054645064842420,0.000013086139202
-1,6205232062060000000,0.135000000000000,3.375000000000000,0.036957265815821,0.000020649835469,0.000344543868523,620523206,1409293.909999999916181,0.060101104426277,0.000018956583230
-1,6205232062070000000,0.170000000000000,4.000000000000000,0.042975054224750,0.000026566132488,0.000511692419776,620523206,438558.990000000048894,0.027972176195364,0.000017201862922
-1,6205232062080000000,0.110000000000000,3.666666666666667,0.034814100643067,0.000016720976644,0.000468797360991,620523206,444662.580000000016298,0.021754143888778,0.000000707604447
-1,6205232062090000000,0.120000000000000,4.000000000000000,0.017674723647000,0.000006749651197,0.000381881568927,620523206,59305.879999999997381,0.007112191970195,0.000000275506004
-1,6205251012150000000,0.150000000000000,3.500000000000000,0.018730194783500,0.000006059992177,0.000216007533093,620525101,96608.180000000007567,0.003426001017927,0.000000052620458
-1,6205251012160000000,0.102941176470588,2.588235294117647,0.012410870776942,0.000005166191239,0.000295828459005,620525101,784733.060000000055879,0.063435134471072,0.000001624892527
-1,6205251012180000000,0.090000000000000,2.000000000000000,0.024592873292300,0.000013031215075,0.000529877697499,620525101,119096.199999999997090,0.002516336525403,0.000000062022358
-1,6205251012190000000,0.105833333333333,3.083333333333333,0.009041003880704,0.000002972639885,0.000243729100313,620525101,316713.140000000013970,0.057058819053186,0.000004657415381
-1,6205252062030000000,0.123333333333333,3.000000000000000,0.019132391109175,0.000008891194420,0.000351174401576,620525206,470752.539999999979045,0.024565801629160,0.000000704135563
-1,6205252102010000000,0.090000000000000,3.000000000000000,0.006421808079635,0.000001396100692,0.000209442765992,620525210,24455.520000000000437,0.008230002701840,0.000001142145556
-1,6205252102040000000,0.116923076923077,3.230769230769231,0.015275268363388,0.000006823082954,0.000301925430907,620525210,800810.890000000013970,0.040029407506716,0.000020723004431
-1,6205252102060000000,0.110000000000000,3.166666666666667,0.009016329128408,0.000001736746430,0.000150446617911,620525210,89863.089999999996508,0.027760315547130,0.000004187138917
-1,6205252102090000000,0.090000000000000,2.500000000000000,0.013439124186900,0.000005028300307,0.000347569219723,620525210,90330.590000000011059,0.007356311020833,0.000001249588621
-1,6208250000000000000,0.132500000000000,4.000000000000000,0.019206689860213,0.000010348121288,0.000414232512120,620825000,708875.070000000065193,0.114314329485086,0.000082587963172
-1,6208250040040000000,0.200000000000000,4.000000000000000,0.046715234755027,0.000041090852733,0.000498058811178,620825004,1316508.900000000139698,0.051705828234873,0.000005577578636
-1,6208250040070000000,0.213333333333333,4.333333333333333,0.041511911868533,0.000033876557103,0.000668654445030,620825004,799237.020000000018626,0.055049994597294,0.000002837374008
-1,6208250040130000000,0.200000000000000,4.000000000000000,0.069054388007500,0.000062389235759,0.000903479671017,620825004,498349.750000000000000,0.016149869155715,0.000003313632709
-1,6208250040140000000,0.190000000000000,3.833333333333333,0.023379475000345,0.000021219378443,0.000728643799944,620825004,1023457.860000000102445,0.029076628866286,0.000009558949424
-1,6208250040160000000,0.200000000000000,4.000000000000000,0.044302697925800,0.000027839247308,0.000596289715513,620825004,448591.440000000002328,0.031735609945448,0.000001681957848
-1,6208262112150000000,0.120000000000000,4.000000000000000,0.016181204496200,0.000004505547982,0.000278443300244,620826211,37676.040000000000873,0.000151373237981,0.000000000116395
-1,6208262112190000000,0.177500000000000,4.250000000000000,0.020418714097495,0.000011853557573,0.000446144261726,620826211,392540.040000000037253,0.051784892279494,0.000037893245119
-1,6208262112200000000,0.103750000000000,3.250000000000000,0.020968400603723,0.000009160317402,0.000350708725406,620826211,636138.330000000074506,0.034285210194759,0.000002041349998
-1,6208262112210000000,0.153333333333333,4.000000000000000,0.032983714495530,0.000017596311404,0.000455925830393,620826211,442424.829999999958090,0.013734585564867,0.000000534204943
-1,6208262112220000000,0.140000000000000,3.714285714285714,0.031706339316386,0.000023256896459,0.000390157445557,620826211,1354581.650000000139698,0.021408908889855,0.000002447708939
-1,6208262112230000000,0.097500000000000,3.250000000000000,0.020520303742750,0.000015721957527,0.000370388634247,620826211,553012.520000000018626,0.027301743166906,0.000002337260166
-1,6208262112240000000,0.112500000000000,3.750000000000000,0.016001303518835,0.000009254191741,0.000279751204868,620826211,321484.399999999965075,0.012505461672168,0.000003863842628
-1,6208262112250000000,0.022500000000000,1.500000000000000,0.016563022745503,0.000005424252013,0.000299036142872,620826211,205594.859999999986030,0.027582737700949,0.000006862857016
-1,6208262112290000000,0.170000000000000,4.000000000000000,0.031103011251350,0.000013147771233,0.000422834963494,620826211,219841.529999999998836,0.009653942307084,0.000000242646210
-1,6208262122080000000,0.133333333333333,3.666666666666667,0.024667804120297,0.000017460647706,0.000587268416584,620826212,904544.119999999995343,0.019788785910530,0.000004264987302
-1,6208262122090000000,0.146666666666667,4.333333333333333,0.005510020112137,0.000001093013147,0.000149668170157,620826212,28769.880000000001019,0.013135444749597,0.000000633787079
-1,6208262122110000000,0.140000000000000,3.666666666666667,0.002844420138490,0.000000167743906,0.000060509913975,620826212,3560.859999999999673,0.007423083573959,0.000000358596420
-1,6211211022010000000,0.146885000000000,4.000000000000000,0.070769715215650,0.000052219304373,0.000678226441860,621121102,871149.899999999906868,0.011625158842124,0.000000649484211
-1,6211211022020000000,0.138826666666667,4.000000000000000,0.056076112090007,0.000038372444167,0.000472542856381,621121102,1941411.410000000149012,0.062412991889835,0.000012892342070
-1,6211211022030000000,0.107585000000000,3.500000000000000,0.113694370635500,0.000053985870062,0.000464610693275,621121102,964640.679999999934807,0.025258763176835,0.000007221391109
-1,6211211022050000000,0.121070000000000,4.000000000000000,0.113236552998350,0.000073063643022,0.000574247356370,621121102,1292678.080000000074506,0.011588569149673,0.000000378936423
-1,6211211022060000000,0.126561000000000,4.000000000000000,0.051142468265863,0.000025828557169,0.000338918211905,621121102,2266997.619999999646097,0.056293918592879,0.000009077413736
-1,6211211022070000000,0.134669166666667,3.583333333333333,0.020598436495811,0.000010172884014,0.000346359843512,621121102,1029109.589999999967404,0.063370856005334,0.000022479381966
-1,6211211022090000000,0.155490000000000,4.000000000000000,0.030186664546860,0.000024084818547,0.000580887822935,621121102,600827.729999999981374,0.004553027851821,0.000000134923274
-1,6211211022150000000,0.121070000000000,4.000000000000000,0.049819899450987,0.000032027561785,0.000383753705137,621121102,849860.390000000013970,0.040555204775433,0.000002345246943
-1,6211211022160000000,0.056370000000000,2.000000000000000,0.010740970822100,0.000002162111371,0.000201295712161,621121102,20642.319999999999709,0.002874015122957,0.000000089739199
-1,6211212032010000000,0.121070000000000,4.000000000000000,0.053669957580400,0.000018284892739,0.000300308218815,621121203,322264.479999999981374,0.008957860625483,0.000000233145708
-1,6211212032040000000,0.121070000000000,4.000000000000000,0.057297695906750,0.000031309418693,0.000375470785164,621121203,1385002.439999999944121,0.057776901894813,0.000007761802150
-1,6211212032050000000,0.155490000000000,4.000000000000000,0.024124015504705,0.000016718903648,0.000324355345016,621121203,843925.530000000027940,0.015242167419952,0.000000831244175
-1,6211212032110000000,0.131305000000000,4.125000000000000,0.022168907550981,0.000007152979671,0.000258238459321,621121203,498190.640000000013970,0.046556787387433,0.000006825484061
-1,6211212032130000000,0.103090000000000,3.333333333333333,0.017838391178518,0.000005551339928,0.000229248219006,621121203,291360.099999999976717,0.030081592921517,0.000002957087066
-1,6211212042150000000,0.107585000000000,3.500000000000000,0.039252988408422,0.000017826424225,0.000270046984238,621121204,632262.989999999990687,0.018512618462707,0.000000343769869
-1,6211212042160000000,0.112080000000000,3.666666666666667,0.105670452876933,0.000041814554599,0.000391980159454,621121204,1114729.989999999990687,0.020341341561764,0.000000587315939
-1,6211212062080000000,0.065330000000000,2.571428571428572,0.045161423146690,0.000021880012565,0.000461286853557,621121206,1383408.840000000083819,0.047212156972349,0.000001723651614
-1,6211212062090000000,0.040356666666667,2.000000000000000,0.058267940156833,0.000031347911747,0.000506144274008,621121206,938311.500000000000000,0.013569913883201,0.000001875909204
-1,6211212062100000000,0.121070000000000,4.000000000000000,0.073844447394780,0.000033057578125,0.000354508764158,621121206,1458580.660000000149012,0.039108395593738,0.000003095603745