"","N","Nhat","Nhatu","Nhatl"
"Nhat[1]",0.0043169,0.0272006671384077,0.0157309007603134,2.27773160387284e-13
"Nhat[2]",0.11283492,0.12875081171286,0.517661925543246,6.89723057436223e-80
"Nhat[3]",0.03820619,0.0520107180325154,1.30629800853112,8.1637788527166e-27
"Nhat[4]",0.11597947,0.136743134004102,3.29834868056432,6.48739658094604e-19
"Nhat[5]",0.37702913,0.387687550490164,2.24380264578759,3.52049725864537e-20
"Nhat[6]",0.37722906,0.392556220146774,3.192748572532,7.04977101051682e-20
"Nhat[7]",0.29337295,0.310696667924752,2.08082938480058,3.4957488320084e-19
"Nhat[8]",0.06099524,0.0778217735963086,0.553922703032388,1.08010635928065e-14
"Nhat[9]",0.54479,0.539121615456906,3.28962080635733,6.05987439166313e-19
"Nhat[10]",0.17597568,0.202072919669277,93.2616811257963,4.43510382942576e-45
"Nhat[11]",0.02939952,0.0428221497973398,0.279059885512785,1.99896178013163e-10
"Nhat[12]",1.43436726,1.30013645889034,6.27737730469268,9.33102274604163e-11
"Nhat[13]",1.7302134,1.53640237514836,7.01522614649298,6.78144833770752e-43
"Nhat[14]",2.34170168,2.01008828841177,7.70189525764482,6.84911096864372e-17
"Nhat[15]",0.5546314,0.554788277696789,35.8362788523333,2.27353659788614e-12
"Nhat[16]",0.55235784,0.558833915351352,11.9000699701997,7.69809566525978e-53
"Nhat[17]",0.472032,0.488437067765036,118.827589388855,3.32800335873947e-24
"Nhat[18]",2.23010204,1.94472906016867,9.43123410096906,7.19073747801249e-09
"Nhat[19]",1.34202475,1.28816349457933,17.970433893407,1.89615147622086e-06
"Nhat[20]",1.89231338,1.77991700475109,6.5501731776817,8.24298060203891e-16
"Nhat[21]",1.51317492,1.45043434047025,15.2418615642372,9.23642753907959e-08
"Nhat[22]",0.89270501,0.861109163828056,4.90120746310734,6.47346052281155e-11
"Nhat[23]",1.2644928,1.21002013012691,3.81757338826135,2.78363516374558e-44
"Nhat[24]",1.40958466,1.35528858023949,5.36230479834812,9.78334103650371e-14
"Nhat[25]",0.44783426,0.760836439911131,8.80766556467662,1.95831761957341e-08
"Nhat[26]",1.02493834,1.13537848081459,2.91211330628009,3.36627149576662e-11
"Nhat[27]",0.62061129,1.0485253805091,15.5825797832442,1.23626216809624e-11
"Nhat[28]",1.46031907,1.50378309332221,3.98738168980329,5.46424325917938e-18
"Nhat[29]",1.33909303,1.39658667146639,18.1173841873455,3.98507476443574e-10
"Nhat[30]",0.9460562,1.22369463153227,2.63006184949839,3.49736450797237e-12
"Nhat[31]",1.03248526,1.30698116574403,2.79280709405288,2.61895951155129e-08
"Nhat[32]",2.95719336,2.54146968571884,8.13230460950968,3.0197632508801e-12
"Nhat[33]",3.33331561,2.88446156355007,10.5322197554619,2.82701027392016e-19
"Nhat[34]",1.58882217,2.13761987209588,54.5846398473869,9.93928014062895e-11
"Nhat[35]",1.73310871,1.77124535549264,5.83224890990053,2.63174747947481e-26
"Nhat[36]",1.81032812,1.83550176774443,19.6831686038919,1.05079088046898e-10
"Nhat[37]",1.43465365,1.45877662616908,11.4819912497829,4.60741255228979e-07
"Nhat[38]",1.26552773,1.37359818755337,35.8875426156002,8.47435417043345e-18
"Nhat[39]",2.77754265,2.41409302559246,12.3032271539324,2.60202442100189e-37
"Nhat[40]",2.99637915,2.48638884885965,9.23895750687071,2.91511589667265e-08
"Nhat[41]",2.04785426,1.91243319859213,14.918166108758,1.04955833054416e-21
"Nhat[42]",1.2933008,1.43011938523543,45.812875182163,4.30817316802588e-10
"Nhat[43]",2.55449103,2.35418090447968,28.0854770880275,1.30729079872415e-08
"Nhat[44]",3.12642275,2.65075105266483,13.6495010675429,1.63605503560678e-06
"Nhat[45]",1.64834917,1.69276287551142,5.20598800465866,4.80660969080556e-08
"Nhat[46]",3.20661061,2.92431316823827,9.57271196705492,2.51002170567751e-13
"Nhat[47]",3.44331917,2.98917549918436,15.820020795784,3.39697221395508e-08
"Nhat[48]",3.24360571,2.90176652392888,15.1298797977649,5.94763758505314e-09
"Nhat[49]",3.20586488,2.67886482763943,10.3304554762658,3.85219683702459e-09
"Nhat[50]",2.62569825,2.45235416719377,8.68164048089476,2.419249505796e-06
"Nhat[51]",1.61854694,1.64228779386912,5.89024662713108,3.21839822828776e-11
"Nhat[52]",0.01706837,0.8097783859849,18749.8538364929,2.1478116416874e-73
"Nhat[53]",0.21088165,0.229812437770859,175.439393138293,1.04202770344004e-17
"Nhat[54]",0.05418808,0.0773789192129681,5947.3822635196,1.28770736476227e-45
"Nhat[55]",0.21105352,0.226698928814199,8.73545167649313,3.88088151076737e-15
"Nhat[56]",0.16282078,0.183685941537025,0.716164564967974,1.30647530869488e-18
"Nhat[57]",0.41278306,0.418665001569612,2.02290252358199,3.57688789705103e-18
"Nhat[58]",0.31952454,0.33244152763108,1.31058867493766,7.60847685185288e-30
"Nhat[59]",0.27579753,0.290730983967519,2.17294912399596,1.010541716246e-14
"Nhat[60]",0.05728541,0.0800618422021871,14.5803569083972,2.43461646109714e-20
"Nhat[61]",0.05506838,0.0731040055496982,30.8819624100282,2.61051598229136e-35
"Nhat[62]",0.35597215,0.361402948752816,2.48721313680476,4.54618195820035e-09
"Nhat[63]",0.14811304,0.172437897083434,0.496127931024502,5.53317861092426e-16
"Nhat[64]",0.09295415,0.111442604252506,0.40744648387517,6.34773584229038e-32
"Nhat[65]",0.49511533,0.500565367896073,5.48065838484681,9.91658088397521e-17
"Nhat[66]",1.00905169,0.927401068202014,3.61364545889227,2.85921217369302e-30
"Nhat[67]",1.32848688,1.18948010997644,4.77559714013893,7.10394941145231e-14
"Nhat[68]",0.48723179,0.486295427764426,11.7189089649807,3.96980217951842e-28
"Nhat[69]",0.26298031,0.273941841805831,2.08519057544563,2.7814964995552e-08
"Nhat[70]",0.30136635,0.310912099793875,4.9992977388523,3.2000665303418e-14
"Nhat[71]",0.52259963,0.509765467762719,2.12088481361761,1.4744025160151e-09
"Nhat[72]",0.68389181,0.657425653143213,16.0745760989997,3.78835101581833e-13
"Nhat[73]",0.57675291,0.563274552392762,3.20644626739811,2.78706185819048e-10
"Nhat[74]",1.47726873,1.35049550919031,19.1063751431257,2.20034545299492e-13
"Nhat[75]",0.01275447,0.0551928240884002,1779.10431069801,7.16183912592477e-50
"Nhat[76]",1.28899789,1.22268078070762,6.61839617661828,8.10230296155845e-08
"Nhat[77]",1.58861939,1.44005451061,7.52538117514146,1.84107371338558e-07
"Nhat[78]",2.46782044,2.11315581518246,9.49777013833589,6.36587598155519e-13
"Nhat[79]",0.83679852,0.803181558202945,2.81817419348843,4.78668278021476e-13
"Nhat[80]",1.8430644,1.61442989941041,6.85874146826412,1.6331364556897e-14
"Nhat[81]",1.22899005,1.11836340490815,6.31176613737509,2.40483106307092e-09
"Nhat[82]",1.02750412,0.949791668722959,4.09643997911495,1.83419036126904e-17
"Nhat[83]",2.63424473,2.42986892241427,5.98062803541241,3.56780545270306e-29
"Nhat[84]",1.85309904,1.89330059032828,4.43970203227723,5.3509483555299e-20
"Nhat[85]",1.71031412,1.73348174251692,4.87474237903665,8.63674647534816e-07
"Nhat[86]",2.34035324,2.21607300886722,5.63966686422281,7.25176379791176e-09
"Nhat[87]",2.6551564,2.42862354192595,12.4564249487799,4.16141446714629e-07
"Nhat[88]",2.06315931,2.01572586044763,14.676108506405,1.68250059734999e-14
"Nhat[89]",1.76069594,1.96610406462759,24.5453077541674,3.64619078299947e-06
"Nhat[90]",2.77164036,2.72456829921421,9.18050821864564,2.39023102586691e-21
"Nhat[91]",4.236403,3.63963131306004,11.0137437415392,5.38821480629452e-08
"Nhat[92]",3.57737708,3.16925038178259,24.9219429437863,1.46494701835798e-18
"Nhat[93]",1.85531417,1.98069401860468,13.2796413385526,1.91836468162498e-11
"Nhat[94]",2.99611314,2.89757665839024,7.06553269377191,5.98979982590442e-17
"Nhat[95]",2.22287672,2.14326292969039,9.09199760548169,5.04882658334764e-18
"Nhat[96]",0.35528998,1.07828758763746,1.39319566658634,8.48614341926777e-12
"Nhat[97]",0.42536393,1.10044393625231,1.22209421601026,2.65145187546136e-29
"Nhat[98]",2.64706294,2.67171868284895,9.55222804790355,2.49505689279147e-08
"Nhat[99]",1.60417205,1.90396210748485,6.41622182061679,1.34804507061347e-07
"Nhat[100]",2.87345537,2.7123233235319,6.98097814860524,3.79221111457433e-22
"Nhat[101]",1.82377532,1.96883097522249,5.01377495972504,2.31194266750598e-07
"Nhat[102]",2.22820216,2.27307999005291,8.57104251791842,1.42039150177275e-06
"Nhat[103]",2.83116792,2.77042626474454,10.9109108747321,3.16645421928154e-08
"Nhat[104]",2.03707497,2.01805123220896,26.9137835705398,1.9876019932828e-09
"Nhat[105]",3.0731322,2.06536553610313,6.32474703876703,4.02980009140362e-13
"Nhat[106]",0.42909454,0.82843501660257,3.81639008417464,4.76146262136788e-09
"Nhat[107]",1.63270875,1.56198561155091,3.08458580887268,1.92796210508868e-07
"Nhat[108]",2.10777611,1.96331252018288,3.98705778842019,2.25185980776227e-13
"Nhat[109]",3.84535588,3.75300607364217,14.5871376201679,0.000291382656067882
"Nhat[110]",1.52958681,1.50228621653986,14.1334151429645,9.76509237723407e-07
"Nhat[111]",1.40997726,1.37766423909118,3.09797495996357,0.124346340555653
"Nhat[112]",1.52056939,1.5067551573408,4.19838000281835,0.156844337322286
"Nhat[113]",0.17724375,0.958707685515109,23.8192556110857,5.19848415139883e-16
"Nhat[114]",0.73268969,1.00530264971876,2.54664116804773,0.000225761084103759
"Nhat[115]",1.09643849,1.16040424522258,4.13865047972193,2.83579124732065e-11
"Nhat[116]",0.77628473,0.972543963632342,8.30748324922476,9.33830592822539e-06
"Nhat[117]",0.78353322,0.927864580553708,1.80232102185836,0.0311220564721466
"Nhat[118]",0.61945439,0.965426575173494,1.19963518576552,2.43636227620119e-15
"Nhat[119]",2.35168154,2.12255722598025,4.90643276794792,0.0694321589129554
"Nhat[120]",2.394736,2.33228866731643,4.57795708310648,9.68841957911569e-08
"Nhat[121]",1.63937325,1.71704013268009,3.91431686027628,0.0749949848524645
"Nhat[122]",1.86115289,1.73541920619449,3.34747929004353,4.86817413439506e-06
"Nhat[123]",5.93456223,3.19221400730023,11.5240017647243,2.10135160377527e-19
"Nhat[124]",2.50507824,2.23697446727004,6.24176852133353,0.110337916618221
"Nhat[125]",1.97612464,1.90398065117795,5.62693568533809,0.0174160924929275
"Nhat[126]",1.81690994,1.81945431626195,12.0253368207381,0.000176446635473532
"Nhat[127]",1.80623237,1.76092519370478,6.88121761529476,5.94928950559572e-05
"Nhat[128]",1.65599019,1.62333062130387,3.1110642961765,4.53446264219223e-11
"Nhat[129]",2.42099189,2.25390484569068,4.55722452442247,2.24057372145519e-07
"Nhat[130]",1.11573348,1.26477949738079,3.62302015325503,0.0828479027178173
"Nhat[131]",1.71140907,1.60054605455367,4.99109101965302,0.139622299976442
"Nhat[132]",1.2122669,1.32103470042714,2.67369503462338,9.64465553751285e-09
"Nhat[133]",1.8957366,1.7867809707124,5.31454885399679,0.0661189261768858
"Nhat[134]",1.5864248,1.58748159946834,3.006404323926,2.40498479384813e-08
"Nhat[135]",1.45588518,1.55313987717811,2.94157317588723,8.44753357872195e-09
"Nhat[136]",2.53245502,2.22723040040279,4.84478555224338,4.71298602335404e-09
"Nhat[137]",1.72876284,1.71622102157152,3.23262689433302,1.02942606230536e-05
"Nhat[138]",1.34948327,1.37109003209572,4.31755967298792,3.14422228801095e-05
"Nhat[139]",1.21912995,1.23501988638565,2.60138150662975,0.0635808938341261
"Nhat[140]",0.51516102,0.577221034998137,4.55992002312427,6.03711227663112e-06
"Nhat[141]",0.63683465,0.680822054718411,1.72297004571352,3.47206578743306e-23
"Nhat[142]",0.73451451,0.761789094033862,2.26150643748066,4.06213962337003e-14
"Nhat[143]",1.30192703,1.27895628092443,3.8117205392945,2.26284060955083e-13
"Nhat[144]",1.47392388,1.4917147578864,4.37704668940988,3.64354045990582e-10
"Nhat[145]",0.94097675,0.995008405319091,15.4925561351605,2.77217102722295e-11
"Nhat[146]",1.52449229,1.44879688524585,6.76594334504665,9.89709489683614e-08
"Nhat[147]",2.12480575,1.9157071332443,6.24449286808481,7.12930569884342e-11
"Nhat[148]",1.979044,1.74119321718241,5.78700472829621,2.29209379894247e-15
"Nhat[149]",1.62969747,1.52721101477916,7.445972687951,1.32772787172601e-19
"Nhat[150]",1.97950853,1.73057765001466,8.91283962608937,3.04746125597078e-06
"Nhat[151]",1.23341747,1.19222174914902,8.26830787452686,6.01030090768575e-19
"Nhat[152]",1.35025501,1.30701988185043,4.02042711369233,1.79372187791354e-12
"Nhat[153]",1.46113322,1.38547660480733,4.95067879696138,1.16777800662367e-20
"Nhat[154]",1.08574036,1.0656139792242,7.30845985473315,9.03419598600906e-08
"Nhat[155]",0.59348667,0.643124671982308,3.73732462527295,1.01464936424772e-11
"Nhat[156]",1.10011293,1.08375334690776,14.0981796416539,3.28457704817975e-25
"Nhat[157]",0.55045356,0.586386170050093,32.1897629214714,2.36411142528865e-15
"Nhat[158]",0.27503624,0.345223828750422,37.4269435578926,1.32911780384968e-32
"Nhat[159]",0.25417384,0.338026562448395,42.1243518192986,1.22933120291418e-11
"Nhat[160]",0.79814577,0.809799493465909,2.24592261544888,1.43607136792281e-14
"Nhat[161]",2.44718344,2.3310091352188,8.88797116245621,4.2030896181198e-24
"Nhat[162]",1.23533402,1.25614526859067,4.58471246996329,4.22992363773197e-16
"Nhat[163]",3.02381587,2.70963039408527,17.096784846349,7.61245227943188e-15
"Nhat[164]",1.93410685,1.91364045551245,87.4205961466609,1.34372560561296e-22
"Nhat[165]",2.15193481,2.19455214646076,47.9538680442901,2.56220363672986e-18
"Nhat[166]",1.73421045,1.70100777015588,6.74502629292623,8.49602491994157e-19
"Nhat[167]",1.49690573,1.52470371115742,11.5830955315755,7.62078935980786e-13
"Nhat[168]",1.37220246,1.44511595577812,150.118554016155,8.16089194467194e-13
"Nhat[169]",1.5759272,1.56995920966884,6.39173578807177,1.20097260299979e-40
"Nhat[170]",1.61027314,1.6447663625513,37.320057394298,8.48270286676824e-16
"Nhat[171]",2.06440948,2.04484726204629,149.964891280807,7.21240644715868e-45
"Nhat[172]",1.34009971,1.41240257890884,87.3654474582946,2.57359216240258e-13
"Nhat[173]",2.50923344,2.40590760180593,21.6285281585013,2.19755340286477e-08
"Nhat[174]",2.46866146,2.37615523899519,20.9390200709273,1.58434957670009e-08
"Nhat[175]",2.51264715,2.25510193605395,12.5197919980722,6.67563830784618e-26
"Nhat[176]",1.37110561,1.3791016079843,4.83174673965998,5.24824062670136e-12
"Nhat[177]",1.936244,1.93403383032367,9.49421933516175,2.54955385734792e-14
"Nhat[178]",1.56671565,1.54532242491224,6.09356593214472,3.44668290959134e-21
"Nhat[179]",1.56051136,1.58813712464847,5.9926391375323,2.37602333480957e-21
"Nhat[180]",1.77231962,1.72084207908683,6.39547990844414,1.9693364624499e-21
"Nhat[181]",3.31129697,3.09719996869202,17.1088121055902,6.11728796745812e-10
"Nhat[182]",2.57313046,2.43366213284739,87.2666118213305,3.03537930147676e-09
"Nhat[183]",3.97273009,3.32520455772448,25.1209480802119,5.12930526132766e-28
"Nhat[184]",2.44395649,2.33913489040248,8.72284545327902,1.93255218796574e-40
"Nhat[185]",2.14812557,2.42126547260773,233.467571221193,1.87809520204776e-15
"Nhat[186]",1.46555371,1.55592295719534,41.0534655797057,7.37882587567607e-11
"Nhat[187]",3.16706466,2.99803965957811,65.3674475591564,3.21037310836052e-16
"Nhat[188]",1.26432047,1.35465547134514,29.7119618688471,3.63642521253976e-16
"Nhat[189]",0.78298418,1.13668171680978,65.2912971048598,5.33487325754891e-15
"Nhat[190]",1.36730733,1.38807733952301,5.82939586745708,1.30660128947481e-25
"Nhat[191]",0.9979592,1.1572253089874,147.591557679854,8.24649301731584e-27
"Nhat[192]",0.71750274,1.16658774010346,1176.8505443246,4.88406393565265e-13
"Nhat[193]",4.94524213,4.11052316070817,12.029256972005,1.60451721225807e-27
"Nhat[194]",2.7581547,2.75268578756337,13.4924712934375,3.57245966569796e-05
"Nhat[195]",1.66749104,1.83780407654505,19.1180591390684,0.000126869311151749
"Nhat[196]",2.30995558,2.35246685438482,8.370916694056,2.8110516088159e-05
"Nhat[197]",3.58654775,3.34284434214774,8.12193664810255,1.56582143834744e-13
"Nhat[198]",4.71307129,4.53856938092838,25.9484124473344,2.09234958553824e-05
"Nhat[199]",2.63334167,2.5457057970338,7.27012348106626,8.38105179654799e-06
"Nhat[200]",4.282892,4.07572367988762,12.5155289724597,0.0032828255326098
"Nhat[201]",2.57309294,2.67683226062747,6.21909254035534,4.00814969898722e-07
"Nhat[202]",2.0104699,2.0752663659738,9.82134652142405,1.23472595484023e-06
"Nhat[203]",2.61981154,2.67557761952323,7.16294107672756,1.90417992621788e-06
"Nhat[204]",2.21412449,2.41255910309927,240.15852671622,3.60438216370924e-17
"Nhat[205]",5.23693638,4.54863582567876,11.7296713222814,1.37889784938369e-10
"Nhat[206]",1.36308249,1.42825197610585,15.8805400521104,1.33521453183758e-14
"Nhat[207]",2.9481325,2.99924849965487,11.0742312413476,3.82038954620217e-06
"Nhat[208]",3.73505553,3.68375450716462,8.79580730459235,2.42475280307205e-06
"Nhat[209]",4.74401323,4.446906595135,10.9882611702119,6.35018344578037e-08
"Nhat[210]",3.27994426,3.26037373959598,7.13662862430022,1.03747779993505e-05
"Nhat[211]",4.80653468,4.48520029121245,10.2220671486789,2.01772086604474e-12
"Nhat[212]",3.0880545,3.01501667835445,6.77898990055094,7.21389832682706e-10
"Nhat[213]",3.2451863,3.26711035516583,30.6525027108364,1.42207851353225e-11
"Nhat[214]",1.52163663,1.5926478411292,109.00511617825,1.18764937863814e-08
"Nhat[215]",2.20356336,2.21282067351209,6.8460648357932,2.3107133278215e-09
"Nhat[216]",1.5100006,1.60276129862807,10.3453067586916,1.11614409403514e-05
"Nhat[217]",2.81734616,2.80118350391951,7.01962249465161,1.21464290607996e-08
"Nhat[218]",2.16998379,2.22801499859317,18.7983812632803,1.29120497293804e-09
"Nhat[219]",2.84242031,2.81131974877569,9.73558089269707,7.44561745443491e-10
"Nhat[220]",1.93627629,2.01629867237825,39.9847355274817,1.25104122496274e-11
"Nhat[221]",0.35193872,0.513155946180288,27.415674525934,1.1263253149868e-17
"Nhat[222]",0.37453012,0.556739304629591,46.0602030572063,6.10042873779533e-54
"Nhat[223]",0.70865029,0.929561905990307,13.795646602917,5.22597754382286e-09
"Nhat[224]",0.58030888,0.698705926325694,14.3737006287553,1.52339359300636e-07
"Nhat[225]",1.12900021,1.15421770991004,9.57455763760748,2.50784663914635e-09
"Nhat[226]",0.98374711,1.01868965997199,2.97350043326446,1.15070986532562e-13
"Nhat[227]",1.22858358,1.2295104009633,3.41554045479768,8.97711565095511e-16
"Nhat[228]",1.54108805,1.49816057000658,4.28526875691819,1.55595742812228e-11
"Nhat[229]",1.13310395,1.15102703785546,3.96952639896505,2.33047830264699e-37
"Nhat[230]",2.10384483,2.02358944113233,6.86544746381835,1.34948792929463e-06
"Nhat[231]",3.1268878,2.57776402006008,8.86483007374805,1.12449422192437e-11
"Nhat[232]",2.84289852,2.46765939362496,7.79461094675642,4.57517039984768e-31
"Nhat[233]",2.24893039,2.05863526744007,7.4428175099012,1.19752678449294e-13
"Nhat[234]",1.55355925,1.51962918387987,7.3803154340892,1.58013819759205e-13
"Nhat[235]",1.86782263,1.79805850727108,11.6882372389506,9.66988332894123e-07
"Nhat[236]",1.71197805,1.63063421884506,15.6323938338873,8.11591977720711e-11
"Nhat[237]",2.37281704,2.23413702181933,7.44263272820281,9.14841184489328e-26
"Nhat[238]",2.03639713,1.87132086748614,6.18419387184418,1.60746574316637e-13
"Nhat[239]",1.50869496,1.47728756223343,6.10275815223163,1.90900499751094e-11
"Nhat[240]",1.06569255,1.09348162854027,8.14743777876411,1.81132657310125e-08
"Nhat[241]",1.15013994,1.23934241426097,9.07521109076504,3.94877856525741e-07
"Nhat[242]",1.37369617,1.36469960904798,4.38909246293146,1.88057275680455e-12
"Nhat[243]",1.0494562,1.11661205946957,2.03982332955142,6.38419178383748e-09
"Nhat[244]",0.947745,0.979599172416275,1.90516600890534,1.15616580501338e-05
"Nhat[245]",0.33869941,0.557094166350225,0.712289030019626,4.62298036380951e-17
"Nhat[246]",1.12114216,1.13849243397607,2.39143286494883,4.97764684565202e-07
"Nhat[247]",1.3859438,1.3232753632626,3.28261549268137,8.74529065596952e-11
"Nhat[248]",1.95937198,1.82745405305593,4.45618653529358,1.77297091220927e-11
"Nhat[249]",1.15630016,1.23166286935264,69.2785924839628,7.61476495539759e-20
"Nhat[250]",0.10676902,0.589578576167366,0.22582886331692,3.64425572540727e-08
"Nhat[251]",0.71719809,0.852870899564368,1.85078053321069,4.33992870111269e-05
"Nhat[252]",2.01418576,1.82917165035502,4.53273901308511,1.09997819603809e-06
"Nhat[253]",0.92273174,1.08718084477002,25.1350268370868,5.11353471003984e-16
"Nhat[254]",2.90868898,2.51267613258232,9.89238112469219,0.0070938924299498
"Nhat[255]",1.91488936,1.83824975736654,17.2421546104397,2.2013023878554e-06
"Nhat[256]",0.78574699,0.887903726072223,3.08403868437213,1.43247630935758e-08
"Nhat[257]",1.08504206,1.10099466337141,2.39721242457805,1.67182141549886e-09
"Nhat[258]",1.507662,1.5054820304673,3.44824459899577,1.13070155666009e-15
"Nhat[259]",1.56356571,1.58487901543436,9.58804391734823,8.35238360391993e-07
"Nhat[260]",3.16069183,2.58093000275244,8.87736111780843,4.82575550372021e-06
"Nhat[261]",2.3524624,2.05260900265875,9.22784099960218,2.0241189584138e-06
"Nhat[262]",2.71799982,2.52079221289154,8.17612966320544,7.2220894727671e-09
"Nhat[263]",0.86732753,1.04132450929097,13.438927787158,7.84108934468578e-10
"Nhat[264]",1.71740279,1.75648796272978,9.2117151999789,1.04635058215684e-05
"Nhat[265]",3.26868301,2.68059790201865,6.3945596943215,1.43559493035103e-09
"Nhat[266]",4.32882348,3.53371145751654,14.218193277289,3.52525312941374e-09
"Nhat[267]",1.52233195,1.58334697467442,3.12391766689828,3.05957231976682e-12
"Nhat[268]",3.83105275,3.55686583812502,7.4141610314821,7.25624265335413e-16
"Nhat[269]",2.69512141,2.52794770299995,10.3999535772974,1.29352600949145e-12
"Nhat[270]",3.87870936,3.62703680767957,7.4889796564637,4.48077229153014e-73
"Nhat[271]",2.07672236,2.11625500707457,3.86208238797203,1.07578228138918e-08
"Nhat[272]",2.2909888,2.35394215417546,7.41224897171245,0.00199420984423289
"Nhat[273]",2.34216349,2.32850197391789,7.38730342474205,3.00617292995301e-10
"Nhat[274]",2.60201409,2.55151039662883,7.51480334051261,2.40790182209007e-08
"Nhat[275]",2.09783235,2.11512506653749,11.0901206932001,6.479287618738e-05
"Nhat[276]",2.80191279,2.68697071790154,5.28831738140821,8.83940334710928e-14
"Nhat[277]",2.68727494,2.62152038801747,5.37736722475921,3.6286057422039e-05
"Nhat[278]",3.01425829,2.88994118152613,6.02733486028696,0.000204136720108408
"Nhat[279]",2.17417506,2.17203766903157,4.2248856198189,6.48680807906816e-09
"Nhat[280]",2.04164411,2.08089978723437,4.69322127560293,0.00861177970850474
"Nhat[281]",2.78146391,2.74342794149611,9.259697883014,1.94533706547024e-09
"Nhat[282]",3.78381372,3.4837266003109,11.2717130476186,1.37766867817056e-05
"Nhat[283]",3.87726353,3.62300691258485,7.21371552867728,2.47541009316036e-35
"Nhat[284]",2.16962474,2.17617898102964,7.03223968923637,1.01395302808828e-12
"Nhat[285]",1.60083192,1.68028322293654,3.22524152031599,6.50234484633852e-06
"Nhat[286]",1.25812109,1.34471522629986,6.30632014055082,3.25779923486712e-08
"Nhat[287]",3.02205317,2.91469108238765,6.86793653438653,1.81515947710301e-19
"Nhat[288]",2.68129977,2.63963296638752,5.4509773704294,4.27177992641213e-12
"Nhat[289]",1.7388516,1.787389844408,8.3112996093047,0.000143630359651776
"Nhat[290]",3.88494872,3.51438042510852,10.5225410754172,0.0350962636452966
"Nhat[291]",1.48592197,1.57660003628251,11.8746721901407,5.46005074497759e-07
"Nhat[292]",0.78343871,0.913899284852837,21.0059342172878,3.75042923766847e-13
"Nhat[293]",0.73684144,0.929299881806262,4.68153952318693,5.24577928520214e-08
"Nhat[294]",1.64214552,1.69881176022163,10.2409736129621,7.88083549209597e-06
"Nhat[295]",1.29666579,1.39819833971582,11.0872643268064,5.2056693018937e-07
"Nhat[296]",1.42846833,1.49485067725989,4.90323892953462,4.07814527981769e-14
"Nhat[297]",3.45231892,3.23543556283081,13.7612400443739,2.46101414352398e-08
"Nhat[298]",2.28899444,2.38153330163477,5.30827665800611,1.00680562911834e-08
"Nhat[299]",2.55613239,2.60520893129244,8.4979539184066,3.67576916935201e-12
"Nhat[300]",4.62154233,4.12405556899321,10.2069562369419,4.99862734851855e-16
"Nhat[301]",1.66439433,1.89193005550355,22.137341410795,5.71341414164504e-10
"Nhat[302]",2.55349826,2.61060293753175,12.7072231365532,1.31349367749061e-05
"Nhat[303]",1.97793716,2.13061546583815,24.5495965978509,2.96674086627686e-15
"Nhat[304]",2.29315073,2.41640192884746,35.3230385561216,9.03892327877573e-09
"Nhat[305]",2.32255239,2.40915970871672,25.9861644966749,2.21322749805465e-09
"Nhat[306]",2.70047255,2.66587781887786,19.6444270627951,2.70088174330699e-19
"Nhat[307]",3.67425612,3.39886014669066,15.8956357851579,1.46460933141106e-06
"Nhat[308]",3.56442334,3.28930945464543,11.5116850005299,1.80541895210031e-08
"Nhat[309]",2.41608716,2.55702421082269,10.4649729726285,6.64229124894622e-06
"Nhat[310]",2.40209871,2.52359035894196,15.2103184014283,9.34150785037774e-17
"Nhat[311]",3.33047825,3.21850048313113,8.21243732653807,2.6125687092408e-06
"Nhat[312]",5.50914695,4.43215151870473,12.4893821499065,6.03773548033562e-11
"Nhat[313]",4.85796958,3.96594548589459,11.9756754076537,3.31827109756539e-38
"Nhat[314]",1.54463457,1.7886312321305,6.87469725023069,1.32591384471476e-16
"Nhat[315]",2.31992755,2.42013283234092,7.00626319731193,1.92319888582468e-07
"Nhat[316]",4.66471401,4.01101930352338,11.3899862048858,2.08984941079449e-24
"Nhat[317]",3.71496094,3.45632708443139,8.16083064266877,3.07590742080909e-09
"Nhat[318]",4.27134272,3.90144557369025,9.64376989852282,2.62710971342088e-08
"Nhat[319]",1.68675738,1.87313867382015,4.3765135502205,6.887115665745e-07
"Nhat[320]",4.07894138,3.66091791230715,9.21523033858193,2.18513457578892e-12
"Nhat[321]",2.89882899,2.82671508303673,6.97623833945454,3.31257485874757e-07
"Nhat[322]",4.21903495,3.74010668147178,9.52289969571711,5.2734538908002e-12
"Nhat[323]",1.92482698,1.99635896190048,6.18331374491074,1.8434946999182e-05
"Nhat[324]",2.33447845,2.37325082314524,4.93336644443741,2.3492717323996e-15
"Nhat[325]",1.35826837,1.53762394101862,3.35985196788095,9.43795421396427e-10
"Nhat[326]",2.16167908,2.23939975233618,12.1053736339159,6.07284659232466e-06
"Nhat[327]",2.45824518,2.54228708827592,40.5110071230628,1.1627629191799e-11
"Nhat[328]",0.11299067,1.60371907953554,247.140239798477,8.2081205746728e-56
"Nhat[329]",5.15398996,4.23770764058371,12.4825555458361,6.15911072359112e-10
"Nhat[330]",2.42983859,2.41248750857366,15.9869169580611,3.22808605337997e-29
"Nhat[331]",1.08524709,1.30629654359858,599.43532731341,7.90896533474205e-32
"Nhat[332]",1.68369578,1.73986557901984,62.828863463741,1.72120762955392e-27
"Nhat[333]",3.30583679,3.12886073453107,8.317633018645,5.62644099380044e-16
"Nhat[334]",1.07169234,1.15221627908953,7.43366798982217,1.05620332688156e-17
"Nhat[335]",2.45906607,2.3791590879014,8.25152741139779,3.89507675802778e-06
"Nhat[336]",2.35993222,2.42273344013521,8.76426402241974,8.93992644049381e-47
"Nhat[337]",2.78658768,2.8248239461278,6.72967463141364,3.34571208370736e-11
"Nhat[338]",3.25359858,3.26514478728154,8.27360237950373,1.58961963550012e-08
"Nhat[339]",2.80579309,2.73736598429808,8.1754787067142,2.07153651992111e-17
"Nhat[340]",2.21951409,2.23897284527999,10.1661681356552,5.15176769710729e-06
"Nhat[341]",2.4707318,2.41793443035017,21.5146695979511,3.85239717153743e-12
"Nhat[342]",2.62771319,2.64480329036831,6.80846463242643,3.10582667917988e-07
"Nhat[343]",2.83376187,2.74082839665739,7.68699103206399,5.74243484569617e-06
"Nhat[344]",1.7973041,1.85564989374299,29.0735713491719,3.51059765417608e-07
"Nhat[345]",3.77459826,3.64697680654301,10.6916727224391,2.66315495809173e-09
"Nhat[346]",1.32892531,1.32177975627773,2.82874800397953,1.04703628546552e-08
"Nhat[347]",0.84432603,0.91317304802291,1.67750281999202,1.74360912777193e-08
"Nhat[348]",1.3156366,1.43332988808417,3.20105444234414,1.49452288796999e-11
"Nhat[349]",0.96941277,1.04722146196114,1.97677392134236,3.84746839937586e-14
"Nhat[350]",0.20114325,0.710682973728162,27.0467838685172,1.72268303844416e-14
"Nhat[351]",0.82715116,0.930742682713173,2.11469568959707,3.36434038400512e-06
"Nhat[352]",0.84130752,0.968518782245113,7.29967475947119,1.18649429377632e-11
"Nhat[353]",2.44930326,2.26005082780981,8.98093688879788,8.08574867235474e-12
"Nhat[354]",1.65447346,1.66479793074059,4.14318396214032,9.23724555135431e-05
"Nhat[355]",1.24974523,1.32270762087124,3.57831570977572,1.85334233533494e-13
"Nhat[356]",1.1178385,1.33646809640049,4.39768503820819,1.50151789131458e-17
"Nhat[357]",2.32762641,2.17829568086814,5.91506820189635,1.03956054821243e-05
"Nhat[358]",2.39369205,2.34300786565315,6.31623594125398,4.46935440976291e-12
"Nhat[359]",2.29066637,2.2799361636699,30.2419603758505,8.65626379481802e-15
"Nhat[360]",1.59977534,1.58394304675572,15.5836316316123,1.15101144406064e-08
"Nhat[361]",2.38284518,2.25006571846841,12.2031656642368,2.3635038983769e-14
"Nhat[362]",2.222897,2.10818832937936,6.57549515407483,8.70321714913735e-11
"Nhat[363]",2.39630775,2.18664335050875,12.938225357932,1.82009380710279e-13
"Nhat[364]",3.59634822,2.87805746579819,7.98611507702989,6.21792920001769e-09
"Nhat[365]",1.48297725,1.50549245456532,3.51228894814851,3.07081442583656e-12
"Nhat[366]",3.52131365,2.89198651771184,7.08873549593574,8.59880888315554e-09
"Nhat[367]",1.71244893,1.71173431991048,3.6664059004079,3.14884496214935e-11
"Nhat[368]",2.77585441,2.51313974434782,7.48009734120682,9.410187042276e-10
"Nhat[369]",3.73423203,3.30350488428118,6.64669005701739,1.17411190869511e-19
"Nhat[370]",1.9530562,1.90992628231525,4.29180635899315,0.15305816596649
"Nhat[371]",1.56662891,1.61901484861052,2.99172017586068,0.00363983035016252
"Nhat[372]",1.70793086,1.72214467920642,3.31817586295098,1.66472394495609e-06
"Nhat[373]",3.19705279,2.98489923729504,5.79571999218844,6.86781223798253e-08
"Nhat[374]",1.51416625,1.58779126085676,4.36296124432835,0.0381941974785588
"Nhat[375]",2.14446998,2.13296573446562,4.48513417326447,0.00981914015959189
"Nhat[376]",2.45396363,2.32570846525856,5.45648856579408,0.138805467606795
"Nhat[377]",1.49503175,1.54571745695681,4.4046835853831,0.085387553082092
"Nhat[378]",0.97407274,1.04879059634901,4.74854421723815,5.3111036534088e-07
"Nhat[379]",2.30687815,2.26114498065549,4.16860230803201,1.05701955869605e-06
"Nhat[380]",2.13549723,2.10698050825114,4.32248084162535,0.137933964767245
"Nhat[381]",2.01463109,1.94893316366901,4.37030879410382,0.103256829727481
"Nhat[382]",2.73972437,2.57360543892417,5.44300601211195,6.55611121556512e-06
"Nhat[383]",1.06030383,1.18528169845787,39.7042018577189,3.23514664730005e-14
"Nhat[384]",1.30492805,1.34432859494799,3.63837238912945,0.105756119634223
"Nhat[385]",2.2430196,2.19355949680055,5.62576412640874,2.49729969408238e-06
"Nhat[386]",1.47588743,1.5358160396933,8.34379641591376,2.28992002001859e-06
"Nhat[387]",2.26284564,2.1737795497033,14.8322072545419,5.03042263093844e-28
"Nhat[388]",0.82524582,0.927436822487308,211.534828921751,4.62088346624392e-17
"Nhat[389]",2.58669581,2.52941273308026,4.23796149073279,1.0258203978983e-05
"Nhat[390]",1.55001296,1.6180613225645,4.61943292448541,0.184720946530748
"Nhat[391]",1.19802687,1.33670503482294,14.4973481722223,2.61302266591894e-11
"Nhat[392]",2.96679419,2.82809339431096,6.397414658069,0.578609162950694
"Nhat[393]",2.66858091,2.56674594847612,4.56393896475665,0.18647866919186
"Nhat[394]",2.19392934,2.22748769646977,3.72866324724685,0.059269831349055
"Nhat[395]",2.19644613,2.18238174331388,4.32193537472754,0.257882614099085
"Nhat[396]",2.75269155,2.69939190467211,7.24661092129022,0.653501882710315
"Nhat[397]",3.61613768,3.4293522328396,5.99573044212837,4.23488086181439e-07
"Nhat[398]",3.42397452,3.32454666806422,6.52670343704562,0.331199350358553
"Nhat[399]",1.91582515,2.02730172956391,6.45745215590868,0.239464423976424
"Nhat[400]",2.69823875,2.66128122620899,5.70003768218086,0.53504552768231
"Nhat[401]",3.15858875,2.98222337785865,5.08492357810529,2.98831806043793e-05
"Nhat[402]",0.99709077,1.12840541540436,19.4900996641982,7.29914750245756e-10
"Nhat[403]",2.39191833,2.34433513687624,6.50856818317643,0.437712142277143
"Nhat[404]",1.91789211,1.93532984026467,5.10059706073605,0.306737415694408
"Nhat[405]",1.94916099,1.9805879182717,5.44549102858545,0.405084161013572
"Nhat[406]",2.2587596,2.2849760994149,6.54086933852815,0.370033968595046
"Nhat[407]",2.4344161,2.36102217948128,6.34510850075301,2.73766440955025e-12
"Nhat[408]",2.1901441,2.15634844801027,5.50853124570809,1.58487051755008e-09
"Nhat[409]",2.81384462,2.68293053066608,9.39365386500761,5.11511848396241e-07
"Nhat[410]",2.54597887,2.52353741910637,9.80110391563757,3.6096011656438e-11
"Nhat[411]",3.21554294,3.09931440201741,8.15814999600859,5.28489184736029e-12
"Nhat[412]",4.82230168,4.30793337921227,12.3624450497369,1.15867289115663e-07
"Nhat[413]",1.57408344,1.61863720127822,9.95163777591314,5.43378226784011e-08
"Nhat[414]",1.72564307,1.7805876004101,12.8230281463662,8.11169118926194e-09
"Nhat[415]",5.63630937,4.87875781616033,16.861205341988,7.89691278063494e-07
"Nhat[416]",1.99517834,2.06032132984053,340.490275566596,7.93293245249172e-38
"Nhat[417]",1.75020599,1.95094685758161,30.9771023891059,1.44132499803096e-06
"Nhat[418]",2.0591679,2.08121665385508,37.7788109207895,3.26172884691312e-07
"Nhat[419]",4.16385244,4.04145350548604,17.5439716725496,3.05237323568554e-10
"Nhat[420]",2.22525875,2.26335335001557,18.3751596763992,3.55258150680688e-06
"Nhat[421]",2.11551744,2.11706945188971,8.96478614892248,6.92937007780663e-07
"Nhat[422]",2.38235976,2.34260324347753,8.46017884565613,3.25190514857291e-11
"Nhat[423]",2.74003466,2.65452798223127,7.41959534059808,2.47824419707438e-23
"Nhat[424]",1.47831071,1.54887460422753,179.623934352365,2.2247057677973e-20
"Nhat[425]",1.30526051,1.41976154999756,422.179609513764,1.96606507285607e-16
"Nhat[426]",1.70528049,1.75032097322825,29.9929208937161,7.82323355370795e-07
"Nhat[427]",1.29654251,1.39418164143557,4.0712771428358,5.6944482862423e-10
"Nhat[428]",3.16888796,3.05831568027992,9.63307302547322,3.09389420977182e-10
