"","Lower95","Median","Upper95","Mean","SD","Mode","MCerr","MC%ofSD","SSeff","AC.10","psrf"
"Nhat[1]",168.187018429718,386407.207896953,8512830.35726742,3402705.20332454,39889338.8741558,NA,409593.140449727,1,9484,0.0118721181981341,1.00213323811738
"Nhat[2]",1861.33211249945,467366.895825518,5280665.6566396,1625641.22303333,8804626.22043743,NA,97312.3575597115,1.1,8186,0.00595551068120562,1.00004062178945
"Nhat[3]",53.0038018631401,460483.565587812,5937166.79683762,1899819.79727837,9509533.53819128,NA,96660.5032738054,1,9679,0.000954955792678395,1.00015928465547
"Nhat[4]",278.920014888223,633184.905691695,7517757.72128387,2368337.55359322,12986754.4147263,NA,137072.405048006,1.1,8976,0.0124132984895333,1.00021237892803
"Nhat[5]",834.612509217393,530473.258376384,4785388.94691075,1520299.32940359,9585781.21052543,NA,95857.8121052543,1,10000,-0.00198922629338186,1.00219552322599
"Nhat[6]",1100.79804168742,575659.325593313,4845709.96301841,1816744.93574505,20310356.7667346,NA,230038.363139384,1.1,7795,0.0138122058439851,1.00062144636419
"Nhat[7]",463.762982406255,571559.987549466,5113074.56576637,1864406.80045043,19668456.0134234,NA,216476.212584011,1.1,8255,0.00247350449395983,0.99996549243316
"Nhat[8]",138.548444941578,620338.319044708,8562944.57938857,3048213.94149295,25313217.3031428,NA,253132.173031428,1,10000,-0.000941343654516041,1.00043839823522
"Nhat[9]",1064.35685148055,541799.007062335,3976103.71864387,1436914.4687304,9963022.05797736,NA,107321.813583149,1.1,8618,0.00577754865566994,1.00079224858065
"Nhat[10]",541.450731869943,829554.684213097,9277091.43531648,2907824.59944893,17670916.6695419,NA,221371.526008222,1.3,6372,0.00181719361100998,1.00408259503955
"Nhat[11]",294.021280795641,462423.461459078,6881545.56362919,2286612.44003213,17960097.2754585,NA,214748.824376293,1.2,6994,0.039972514164054,1.0005101584348
"Nhat[12]",749.242112554747,599224.929616779,4933091.77168377,1688516.36398023,9189010.57081033,NA,97006.9490420754,1.1,8973,0.0014244963511404,1.00244689424046
"Nhat[13]",2181.28511770243,635867.907941632,5831166.57554754,1875317.58084245,8951796.18664522,NA,115130.92008966,1.3,6046,0.00437110358032786,1.0000200876409
"Nhat[14]",33.7330381122544,672218.684692147,6002203.90037086,1843553.66766281,6751621.27409984,NA,68890.0617247746,1,9605,0.0132005299463151,1.00085336615404
"Nhat[15]",330.770552779516,616447.61240564,4675952.8940516,1584962.56413536,8938761.47472793,NA,100983.526992395,1.1,7835,0.00322730802201956,1.00084296223374
"Nhat[16]",736.685600110535,714757.21797671,6132086.71554489,2037151.60281444,9716677.45226055,NA,120690.563932964,1.2,6482,0.00761706142278551,1.00165005195813
"Nhat[17]",446.4458222698,752822.387673134,6454160.98888496,2271293.9852782,17738112.2838394,NA,200399.74221814,1.1,7835,0.00857291331276485,1.00292211817803
"Nhat[18]",393.622635558935,773345.591154517,6804967.20957411,2586354.11565694,38292031.2114573,NA,403404.686731542,1.1,9010,0.00234008702528018,1.00146353973742
"Nhat[19]",1186.56294854471,1076578.05794437,7734260.42927768,2580873.08419232,10330557.3057866,NA,119918.591103729,1.2,7421,-0.00148326589971112,1.00256328481688
"Nhat[20]",2459.89258882039,1220205.48371461,9986867.24503382,3258643.57269654,15828013.1284797,NA,169603.251085199,1.1,8709,-0.00336267536496679,1.00024917344717
"Nhat[21]",1897.83560442614,1196024.30708573,8990008.38898644,3696606.83941144,69151723.765506,NA,738718.432829453,1.1,8763,0.00103737305689847,1.00115190427211
"Nhat[22]",1635.03012267582,736537.874129423,5481788.44714477,1778993.93834717,9553395.52013799,NA,95533.9552013799,1,10000,0.00961487889000621,1.00080417991267
"Nhat[23]",2824.1844805184,1020458.84824694,7672214.70392471,3372394.24825955,79804947.9621151,NA,880750.288009527,1.1,8210,-0.0048158871458713,1.00052660994253
"Nhat[24]",1446.85329318749,1082284.03106872,7612251.47294393,2736233.06703334,14655197.155968,NA,149029.04797922,1,9670,0.00127879747750975,0.999905748080055
"Nhat[25]",55586.5955949361,1233975.92440969,6327399.89726699,2150168.72316816,4772644.10049487,NA,51902.1227224185,1.1,8456,0.00860175239990836,1.00044841332589
"Nhat[26]",81378.1058341942,1219212.37587332,4011539.89838977,1683609.1680023,2037703.35003433,NA,27627.1943980915,1.4,5440,0.0270956324110428,1.01062660595036
"Nhat[27]",15396.0619970099,1750429.03049198,9167715.88638739,3131786.49514358,6630776.04692009,NA,85760.0308765437,1.3,5978,0.0298015092847577,1.00013943649878
"Nhat[28]",124275.89021738,1492852.49937508,4065576.5579849,1873510.60839998,2137596.00782375,NA,28501.2679058547,1.3,5625,0.0272782602789663,1.00096374873592
"Nhat[29]",107899.05816802,1427451.74339691,4378318.5097514,1889016.08296047,2436097.79885249,NA,28831.2227139315,1.2,7139,0.0260844895940984,1.00055143643856
"Nhat[30]",51714.9712902848,1562333.46353018,6850214.86931377,2575032.62967014,7764401.77145939,NA,94692.6393094461,1.2,6723,0.00723088548953613,1.00576640652565
"Nhat[31]",27778.480936682,1836338.93618901,7817266.33326326,2951471.26908734,7059501.74970902,NA,81477.0559347271,1.2,7507,0.010776567769481,1.00103441328626
"Nhat[32]",15129.9144012868,2032446.20541987,5821177.741212,2592172.8533909,3599163.17707139,NA,38764.536532805,1.1,8621,-0.000800385736968739,1.00022935596163
"Nhat[33]",78435.9161987686,2520691.50393332,7160643.431623,3172469.42786553,4358223.85327896,NA,48221.0804631398,1.1,8169,-0.00182076313412754,1.0039813859731
"Nhat[34]",94756.9538757413,2959798.36704744,14121161.1923066,5175333.09529797,11694389.9302838,NA,180446.337287442,1.5,4200,0.0244992424859168,1.00121811427847
"Nhat[35]",168686.419810298,1760613.23333807,4983411.76006091,2254264.71949844,3132481.70496919,NA,37948.2683925354,1.2,6814,0.0480946085322754,1.00083032213704
"Nhat[36]",205980.347163033,1866564.76950826,5381077.84701393,2426929.56735788,3646428.96660858,NA,38968.7501925261,1.1,8756,-0.00118355518636847,1.00157834825901
"Nhat[37]",128709.107092662,1450644.52522869,4055440.88052576,1876965.9166934,4321736.67397158,NA,50381.4037176367,1.2,7358,0.00275228561014308,1.00233637674331
"Nhat[38]",107251.25018136,1531046.89389307,5065863.40979833,2100669.7652856,2570720.22865748,NA,38257.1994914025,1.5,4515,0.0191277355888576,1.00231788997516
"Nhat[39]",117736.137383321,2226621.40493168,5834273.45355424,2655151.62618456,2837968.37692746,NA,31441.4456373384,1.1,8147,0.00344104067095214,1.00106931749068
"Nhat[40]",22252.1638441511,1919493.1702668,5860661.86497219,2542902.79785525,6929227.82292107,NA,74377.2506651077,1.1,8679,0.00268497371112957,1.00080700602616
"Nhat[41]",155748.54919505,1861727.22170456,4590164.31957449,2125625.73196246,2181621.74083857,NA,23963.0005499016,1.1,8289,0.00293251771198789,1.0002180198683
"Nhat[42]",39483.9974754174,1675026.34384692,6209257.54006528,2461467.40817387,3751435.89432652,NA,43182.4001529598,1.2,7547,0.0136408434746236,1.00047393207621
"Nhat[43]",140869.787080411,2224473.90846177,5385495.96339799,2569356.02541587,2819399.45228242,NA,29106.0587784987,1,9383,-0.00829233520760615,0.999926596631027
"Nhat[44]",105556.613076618,2615730.84470153,6838491.54679637,3139867.6908076,4241168.90805774,NA,51524.6531861446,1.2,6775,0.019270723006217,1.00095623209948
"Nhat[45]",146324.698129962,1783541.63552903,5184839.84097646,2358352.93315232,3681555.4302376,NA,44849.338936346,1.2,6738,0.0239870732628562,1.00639885139775
"Nhat[46]",137499.47810383,2843248.09941289,7237535.71293991,3339445.58730496,3995858.83143305,NA,41895.0601215252,1,9097,0.0224407091723322,1.00079824363948
"Nhat[47]",67575.7491770055,2597670.96625815,6992040.65549486,3123104.24704345,3821569.27876265,NA,41067.5097053916,1.1,8659,-0.0105973930416392,1.00092803540103
"Nhat[48]",107646.850776466,2580204.81541986,6841514.08213655,3113127.34248381,3988278.97646719,NA,42311.0654349724,1.1,8885,0.0087429837764898,1.00018998991529
"Nhat[49]",48386.1344500814,2251636.06668614,6206467.69247074,2962163.34373287,15181950.9112578,NA,151819.509112578,1,10000,0.00197355057192452,1.00043140243552
"Nhat[50]",192191.662730111,2340135.54380793,5922552.85444153,2748733.61959727,3732756.89258942,NA,39467.5542547092,1.1,8945,0.00681038408889713,1.00090152034993
"Nhat[51]",133513.418603705,1632050.01983033,4454453.1407879,2040390.00258516,2363942.06121949,NA,27708.7830375583,1.2,7278,0.00425510498370106,1.00135616222963
"Nhat[52]",2513.52683682003,991975.505322142,13357972.8971383,3801864.86855137,15895385.3328846,NA,191412.945300853,1.2,6896,0.0121656919854049,1.00052548654779
"Nhat[53]",702.557636011558,495595.671555978,3489403.82126905,1118119.65420399,3542715.20362974,NA,39446.5842638174,1.1,8066,0.0114627305318642,1.00224478847622
"Nhat[54]",523.063451673945,494751.825343573,5374570.80618575,1564506.70852333,5893301.60583298,NA,67148.1542065809,1.1,7703,0.00846065414997688,1.0024443209926
"Nhat[55]",3740.06058518959,480986.048601349,3470373.5502638,1075739.30420374,3354371.73391751,NA,41973.9105936356,1.3,6387,0.0110478001080153,1.00040844080953
"Nhat[56]",849.387610261582,503135.590996314,3729315.14244395,1216442.79914356,5754946.99469438,NA,59544.3320031921,1,9341,-0.0015984937351332,1.00029923678094
"Nhat[57]",6616.89238205875,501957.19592111,3218281.38481947,1076157.78231214,3212815.99451411,NA,33035.2512211867,1,9458,-0.00239987086869952,1.00113244918873
"Nhat[58]",2217.67640904157,493553.202875338,3356029.48866978,1074901.91022707,3170699.57421365,NA,36716.8830079653,1.2,7457,-0.00456696366378891,1.00127690158402
"Nhat[59]",2339.78018373021,451518.225895065,2893311.1242523,935263.072153563,2481046.59093811,NA,26348.5350379205,1.1,8867,0.0121245142565363,0.999930409173421
"Nhat[60]",507.368680665449,516988.783530447,5174353.00469185,2241531.38314791,55335800.1571923,NA,553358.001571923,1,10000,-0.000791945009041328,1.00153543596546
"Nhat[61]",362.988977163212,370831.329819501,3475622.7464932,1162150.72256682,5673797.14636121,NA,70893.7197038243,1.2,6405,0.0239097075836842,1.00189798223921
"Nhat[62]",372.231827327839,450941.53711769,2775680.3693109,950597.658560775,4051760.88828188,NA,40517.6088828188,1,10000,0.000128162073604488,1.00108796164723
"Nhat[63]",1831.99759038874,613371.041345726,5274377.04035656,1588021.52873735,5108955.71727077,NA,59459.0724992852,1.2,7383,0.0140539421534796,1.00011227001835
"Nhat[64]",411.336065272793,436192.778709432,3751345.93098302,1154999.05966262,6910955.3885636,NA,78281.4828418645,1.1,7794,0.0071422164064491,1.0002301336051
"Nhat[65]",577.168345610141,647886.10032203,3945767.92520266,1288723.7236621,3488557.55331859,NA,43359.6826280832,1.2,6473,0.0193244462005101,1.00031431265512
"Nhat[66]",3710.28305130039,531274.617036419,3311910.65160747,1042811.93699157,2305426.30104953,NA,24413.3590908709,1.1,8918,0.020842540010266,1.00039547499898
"Nhat[67]",3436.97640103867,577125.700089579,3865126.54164951,1207693.17597337,3610167.75980017,NA,38190.1777527702,1.1,8936,0.00366903008005955,1.00304283420789
"Nhat[68]",3839.02142576736,499186.955552297,2925294.72907372,972041.919301122,2769282.49792115,NA,35581.0048461823,1.3,6058,0.0162234451930724,1.00081254859326
"Nhat[69]",5321.54381561769,359426.002192931,2429108.89058482,783104.396280979,3297799.13791708,NA,34962.7225677635,1.1,8897,-0.00250671105350657,1.00152533284498
"Nhat[70]",1840.83566891454,402189.619910022,2623400.06018945,852054.368800992,2624195.09675651,NA,26241.9509675651,1,10000,0.00119289624069705,1.00069930339656
"Nhat[71]",1928.0523369048,447922.665240649,2564528.77966982,916402.05543807,7209210.36615526,NA,74607.9895009763,1,9337,2.7989920478394e-05,1.00189015543742
"Nhat[72]",2496.6447325837,494678.150465564,2891249.23716835,1033576.47592191,9370555.33842954,NA,105209.060718986,1.1,7933,0.00178800757146972,1.00260434658391
"Nhat[73]",195.862542488818,491688.291343511,2786625.82989539,970959.851849196,4685910.6569751,NA,55101.73808693,1.2,7232,0.0179744440249006,1.00237617176036
"Nhat[74]",6233.22281207606,765195.271768169,4504369.49101702,1498698.55612381,5366390.78625399,NA,62572.4843019896,1.2,7355,0.00141870459285136,1.00265249175394
"Nhat[75]",339.981312213974,413616.297278602,5661532.3830023,1832397.72213987,10934999.7077371,NA,109349.997077371,1,10000,-0.000299302979879746,1.004424261325
"Nhat[76]",5333.72662237142,1012577.03594546,5798416.53039098,1894457.07153803,4877821.71260403,NA,57126.6890100179,1.2,7291,-0.00169843861629979,1.00315066579084
"Nhat[77]",3012.14599672843,782033.767717088,4819616.50500521,1657023.93089758,9153956.7772111,NA,94800.3350783169,1,9324,-0.00134361534600881,1.00457248846476
"Nhat[78]",961.95096093368,889081.494937635,5737231.7574253,1838324.2067269,6442002.94401329,NA,81869.348128961,1.3,6192,0.00425360878684513,1.00129975919046
"Nhat[79]",1731.1355338649,664597.786765072,3774170.92093698,1207366.08379704,2651000.43995137,NA,28027.8349379837,1.1,8946,-0.00170626154266572,1.00028338143374
"Nhat[80]",1391.90563272353,653954.583981525,4583534.23864381,1462872.86710048,6059204.01393531,NA,62461.6192532308,1,9410,-0.00520353077386812,1.00245433249008
"Nhat[81]",769.747484765294,704183.399139497,4123191.01017318,1312178.09815455,2688215.30642677,NA,27796.9879629211,1,9353,0.0180214355024436,1.00144597970132
"Nhat[82]",2320.42836905478,593465.884500497,3423517.82638666,1317052.08132374,12457180.7701426,NA,124571.807701426,1,10000,0.000753418885520594,1.00063596647526
"Nhat[83]",395324.212305752,2150780.4750433,4445810.83463113,2354862.80726782,1645653.66857941,NA,19652.4114350295,1.2,7012,0.00201160064910872,1.00215168120396
"Nhat[84]",501321.940403408,1935228.75271952,4117328.70021669,2229307.42908588,2317622.22042208,NA,28422.9468739543,1.2,6649,0.0211876717741707,1.00215657765257
"Nhat[85]",516244.821734863,1741327.97025045,3590165.51300084,1937711.98399207,1240856.23568943,NA,17628.7953382986,1.4,4954,0.0198146258808747,1.00895996731121
"Nhat[86]",360226.232027243,2121909.91171707,4018752.79086208,2254152.68465063,1367572.48810358,NA,14748.4345362504,1.1,8598,-0.0120361543927792,1.00119663100398
"Nhat[87]",318781.418749993,2129044.17104146,4431757.79965076,2320638.07872455,1487858.8939578,NA,19034.6643398171,1.3,6110,0.0195766801233802,1.00105720263954
"Nhat[88]",470399.275386432,2008824.78309538,3772044.8315303,2122198.96518548,1222357.59039888,NA,13035.7498907214,1.1,8793,-0.0239543332579849,1.00004293598175
"Nhat[89]",336069.315190453,2303327.54278626,6024581.37817825,2855240.70191592,2824456.53898748,NA,39885.4210462919,1.4,5015,0.0234724430168767,1.00175296864011
"Nhat[90]",656432.844124595,2731938.03292391,5113140.93875076,2903508.7032878,1746527.25337371,NA,20703.950862809,1.2,7116,0.00710230046207341,1.00028730329235
"Nhat[91]",308085.656939154,2950142.67316258,6915684.6542985,3408049.08987597,3301177.45454731,NA,45205.9585773413,1.4,5333,-0.000109516893679739,1.00068929664381
"Nhat[92]",273637.256611646,2620240.64210964,5810362.35391145,2984108.19293684,2849283.82960021,NA,33354.1290803095,1.2,7297,0.0100335802093878,1.00116234092933
"Nhat[93]",550343.003271144,2205826.28140179,5536408.80492119,2645588.09433813,2208005.53231094,NA,29618.5469110297,1.3,5557,0.0194847199535773,1.00139539615644
"Nhat[94]",642948.495447872,2970767.45796212,5484424.80454656,3175649.14489331,1720519.42816614,NA,21481.4458003036,1.2,6415,0.00939503928165846,1.00299608607435
"Nhat[95]",478767.359592122,2074215.50780726,3937623.15524528,2175894.30718702,1348515.76717367,NA,16936.1586395627,1.3,6340,0.0133678234431145,1.00355319478471
"Nhat[96]",29807.2328223364,1358465.35430326,5819289.36800522,2108827.42096877,4574530.54517644,NA,55825.171553956,1.2,6715,0.0217048721668594,1.00079882451184
"Nhat[97]",66502.8717170413,1539304.03895116,6467912.46597109,2395097.61724043,4167002.04167707,NA,73959.7151041902,1.8,3174,0.0189273999348517,1.00113862904141
"Nhat[98]",654959.0303222,2672979.47912621,5280374.86242189,2950717.12321666,1748637.44709312,NA,21415.5989498385,1.2,6667,0.0277277774676233,1.00168540117198
"Nhat[99]",331819.666304011,2497021.37978645,7310052.58293983,3197665.95125504,3339311.73698176,NA,44831.131174933,1.3,5548,0.0198047308226469,1.00024458835615
"Nhat[100]",534571.972884063,2645874.6076417,5187349.60078229,2848702.01403533,2726849.6888039,NA,29704.9498042793,1.1,8427,0.0156812172171153,1.00402151057938
"Nhat[101]",498002.013228085,2244342.78513378,5815512.64256356,2718384.32233493,2358227.20790836,NA,34130.7673806476,1.4,4774,0.0274721700312661,1.00134615897117
"Nhat[102]",698395.648650942,2323867.21319641,5114714.2527583,2644207.43053664,2061731.83273715,NA,22534.8163094113,1.1,8371,0.00703587686118494,1.00118231853743
"Nhat[103]",734723.312227121,2799767.70977214,5208751.10827891,2956220.64182633,1485579.15949914,NA,17319.7083511502,1.2,7357,0.000684844818810008,1.00290826986719
"Nhat[104]",505157.873671215,2033022.39049428,3956637.76331319,2208495.97114644,1354685.6037876,NA,15970.6806180108,1.2,7195,0.00676459902389662,1.00062125393263
"Nhat[105]",63105.806149243,1441804.23713154,4336145.74992918,1834860.92499483,1861894.87265697,NA,20218.6710651844,1.1,8480,0.00225737748578599,1.00055953320554
"Nhat[106]",76823.6505958711,1143521.89598073,4006500.88421013,1593128.50609278,2526273.33596125,NA,27965.7225868555,1.1,8160,0.00974263767048424,1.00101023346133
"Nhat[107]",358219.201319352,1524238.86325608,2818360.00900124,1600880.59355502,883934.713172733,NA,9261.09935762833,1,9110,0.00595524377516369,1.00025922829267
"Nhat[108]",349890.202000368,1876028.37117628,3509874.5571955,1990895.81992373,1059097.72579266,NA,11427.6132141108,1.1,8589,0.0164567108157128,1.00139144782908
"Nhat[109]",1008535.35895765,3831288.62916126,8065876.23756778,4360193.72538765,12011333.4767202,NA,127814.389742369,1.1,8831,0.00320724464561571,1.01002932742723
"Nhat[110]",425496.319485987,1540830.56200435,2956968.01184918,1684942.30467694,889744.070623243,NA,9783.87678204944,1.1,8270,0.0163152568528429,1.00622773251568
"Nhat[111]",309543.670070037,1369003.39057707,2454164.51673767,1435348.70537214,777320.766190154,NA,9285.9771521681,1.2,7007,-0.000705377134755741,1.00398178498958
"Nhat[112]",439677.976103447,1512696.22444837,2735115.02001124,1608468.8024729,1107954.63720435,NA,11768.2141969846,1.1,8864,-0.00339061526582822,1.00051051250187
"Nhat[113]",31973.841377602,1164028.89193613,5652162.73709805,1950952.52139113,4139446.45474072,NA,45396.868002289,1.1,8314,0.00405246345277415,1.00148962674608
"Nhat[114]",106126.63778711,1441027.14186684,4530229.55248512,1983316.21274078,9484168.92447067,NA,104382.743783616,1.1,8255,0.00547958789876332,1.00070477973147
"Nhat[115]",312963.065825141,1304322.38948156,3030734.63069337,1516643.84642476,1011660.35530829,NA,13017.7646477229,1.3,6039,0.0177130246183719,1.00092231040742
"Nhat[116]",109110.559330938,1425373.51152859,4370327.10111001,1858076.09469328,2281985.62582466,NA,25542.2348441175,1.1,7982,0.00815170565890473,1.0036031138433
"Nhat[117]",173316.780455884,1202123.49347043,3278026.21559957,1495369.79549703,1414554.49285543,NA,18375.7539150928,1.3,5926,0.014503736057132,1.00025422006274
"Nhat[118]",127704.748108698,1497291.05319743,5226867.70699868,2080872.84923353,5278691.14692395,NA,53973.9694986692,1,9565,-0.00622605178834617,1.00007696012834
"Nhat[119]",387487.235264191,1952853.71959834,3928058.65524478,2130984.59276011,1325764.96120177,NA,14293.6116352538,1.1,8603,0.01642733496512,1.00109244901671
"Nhat[120]",699218.328074833,2459829.40497116,5176922.26503962,2796383.29032189,1987803.05745886,NA,26113.1736209575,1.3,5795,0.0343196175427728,1.00296867597573
"Nhat[121]",477258.883133146,1864397.76339852,4364074.13945615,2176585.55657113,1475179.92802742,NA,22257.2554745978,1.5,4393,0.0130169060165109,1.00128602174196
"Nhat[122]",383240.155239935,1712210.04553588,3256926.56883102,1814096.46643086,1055591.5589524,NA,11886.4188285001,1.1,7887,-0.00348899512019479,1.0003148460171
"Nhat[123]",87110.4982698776,2262292.18603935,7295723.9090136,2985938.3726432,3135766.83361152,NA,32284.3900879129,1,9434,0.0158058372791253,1.00180336584783
"Nhat[124]",494292.064425657,2216542.12608793,4407338.71034329,2389414.92060221,1819176.16038822,NA,19109.3826384372,1.1,9063,-0.00818861695553663,1.00024422052346
"Nhat[125]",666355.2830529,1995484.06581193,3883677.65036244,2195123.13794526,1327508.83847036,NA,15024.113866434,1.1,7807,0.00145823068720596,1.00287611973982
"Nhat[126]",427167.516227189,1835987.35561963,3573399.93130179,2017230.11353087,1182392.11491122,NA,14442.1039021815,1.2,6703,-0.0055694565535756,1.00315816942877
"Nhat[127]",478688.489785645,1753590.21013124,3222360.26822937,1835902.18358803,870703.091688435,NA,9535.6731991554,1.1,8338,-0.0207076597450749,1.00957811905595
"Nhat[128]",415561.533781905,1584325.13471388,2875988.67054082,1657184.14780944,854322.418237929,NA,9345.30692897447,1.1,8357,0.00448396761947725,1.00129163102849
"Nhat[129]",460204.449203956,2210921.74085658,4203387.53724866,2359922.16645548,1631408.00725874,NA,18334.1279402556,1.1,7918,0.0144271023691748,1.00006763442765
"Nhat[130]",290322.023673192,1563632.14244448,4167514.63684032,1920131.87695797,3027347.36657634,NA,34112.7801889794,1.1,7876,0.0228432002286218,1.00065340209357
"Nhat[131]",242109.397460325,1474288.67530975,2899249.24752128,1607660.11171418,1215529.44038889,NA,14668.5668878128,1.2,6867,-0.00842386027789871,1.00400626181485
"Nhat[132]",230015.755911737,1591377.99354809,3985951.34159633,1910376.10122175,1693948.66850136,NA,22407.2028202051,1.3,5715,0.0156426646336398,1.00302013199209
"Nhat[133]",452674.05711861,1841015.1375301,3371526.75704053,1953090.71935856,1419130.31934856,NA,15488.4081598181,1.1,8395,0.00111494201751321,1.00128702925179
"Nhat[134]",498390.683862722,1602601.67199952,3208261.42932085,1776617.9597791,1304230.56101804,NA,14936.1588211489,1.1,7625,-0.000852061406077959,1.00031678090342
"Nhat[135]",383191.482892059,1833259.74454107,4456230.12431263,2217892.09020183,3962052.19905464,NA,41422.9199711289,1,9149,0.00826820477772925,1.00008094263086
"Nhat[136]",379345.341669314,2042631.69650334,4188257.69324131,2240153.70292952,1570603.38485722,NA,16603.2545504354,1.1,8948,0.014036658582715,1.00369921544055
"Nhat[137]",408295.465646185,1731934.38167334,3234373.44874072,1929896.14732236,3860076.18530624,NA,44229.7286956474,1.1,7617,0.00616643673169951,1.00162977212514
"Nhat[138]",369255.059818463,1442160.53737334,3084500.1962274,1639985.62788442,1040361.02678138,NA,13362.640410794,1.3,6062,0.0194596994098704,1.00057553801276
"Nhat[139]",351295.233906746,1271207.13601666,2585234.32677222,1425944.35962784,791533.065984645,NA,10155.7653944078,1.3,6075,0.0300559933870626,1.00180044812332
"Nhat[140]",81156.5433602178,921333.796025687,3294415.5886018,1292546.25796801,1569819.77113146,NA,27020.4074078048,1.7,3375,0.0474114878091991,1.00157742564835
"Nhat[141]",127372.669488846,869205.134656783,2849012.41028882,1151035.54205629,1041689.767077,NA,18297.5124671445,1.8,3241,0.0386369296882206,1.00686600195829
"Nhat[142]",81645.3544536714,867083.540429666,2548110.41819873,1138368.40669032,2419674.05349297,NA,30857.3958350843,1.3,6149,0.0114500834705308,1.00099355416075
"Nhat[143]",124813.567813462,1280120.0260373,3192427.34180605,1499738.3611193,1184430.14571044,NA,15550.5045319559,1.3,5801,0.0162659955510133,1.00072823556213
"Nhat[144]",177243.69127874,1652759.9626218,4683504.56984069,2092513.99384437,1924939.19502657,NA,33867.4476345164,1.8,3230,0.0366252533012186,1.00289541848784
"Nhat[145]",195148.671989937,1217051.37413962,3897875.00095364,1600960.94859775,1493461.82134594,NA,28785.2681863363,1.9,2692,0.0414294173574554,1.00201231027793
"Nhat[146]",123319.084145474,1279716.82563969,3011245.49930212,1446052.8666732,1215219.40672657,NA,13216.0143164573,1.1,8455,0.00361654882373777,1.00090083127035
"Nhat[147]",141637.172750702,1426436.47907329,3641044.76877875,1665946.04130876,1286167.94843301,NA,17895.3976198432,1.4,5166,0.0204479389260268,1.00404825390363
"Nhat[148]",77148.2203472748,1179005.31160873,3235398.45677308,1513592.27102848,8645658.90587004,NA,114938.792711106,1.3,5658,0.0304409739669903,1.00115515173596
"Nhat[149]",90566.7032236776,1258899.10146984,3040230.6462493,1439792.33882993,1223174.70477096,NA,13611.5751149395,1.1,8075,0.0216923500488923,1.0000273167293
"Nhat[150]",96449.4172208552,1169021.8686916,3141333.91063277,1429585.86224879,1752452.19199328,NA,23094.4850621782,1.3,5758,0.00718457523237338,1.00027717056817
"Nhat[151]",102935.163407027,1070477.8963926,2563220.6917113,1217556.14975131,1218605.55683095,NA,13904.7415494353,1.1,7681,-0.00689981330034096,1.00010464619272
"Nhat[152]",172169.317677301,1260278.97587091,2961614.22054927,1437384.76172843,1557490.88266875,NA,16216.1682839085,1,9225,0.0146943111948993,0.999966120277414
"Nhat[153]",129156.574822241,1191575.65884873,2859053.96206486,1360736.81753392,1257995.37938987,NA,14719.6796554027,1.2,7304,-0.00118775480234006,1.0009260786255
"Nhat[154]",154392.206886095,1021115.36651052,2480194.56925359,1153356.67028533,788346.955203083,NA,10524.3969561025,1.3,5611,0.0204236993204335,1.00035472100368
"Nhat[155]",144567.169006707,915512.234326253,3122784.67756297,1257058.96358334,2405827.85427757,NA,39811.2630552792,1.7,3652,0.0329376901931762,1.00019562573435
"Nhat[156]",103305.257187081,1065487.20190956,2499736.4536722,1233005.96356823,1191234.9016639,NA,15348.296460047,1.3,6024,0.024338258028258,1.00175670265034
"Nhat[157]",111573.92488296,745074.840245276,2412245.1863593,989239.18083515,973901.377505752,NA,21231.3037339805,2.2,2104,0.0588854927655417,1.0009140673307
"Nhat[158]",33217.4647354506,669980.246793047,2705635.45917471,983657.854970452,1313506.06056857,NA,27000.4043820626,2.1,2367,0.0567390104606937,1.00183742593669
"Nhat[159]",18622.9834665355,707371.25063806,2858738.73337989,1077889.48432893,2104992.86620306,NA,34159.975431198,1.6,3797,0.0345899089519871,1.00132737323387
"Nhat[160]",99382.0623525492,884005.612438712,2486139.76639165,1107875.69689327,1026466.87242253,NA,18712.2951976011,1.8,3009,0.0300540385706946,1.00209027973187
"Nhat[161]",606834.09396227,2211528.87652393,4380081.073136,2332790.80983858,1927032.12377978,NA,23301.3808039764,1.2,6839,0.0434000999100582,1.00335997235478
"Nhat[162]",331621.994403548,1247737.40860391,2563907.25503384,1373424.57949949,717703.398222483,NA,9364.00513147017,1.3,5874,0.0157045832612843,1.00388612760493
"Nhat[163]",364724.262426546,2171498.41662201,4518417.27195761,2363951.39755732,1450406.29790792,NA,23897.1719056102,1.6,3684,0.0398171383849731,1.00142563792119
"Nhat[164]",467844.853957368,1914151.67808178,3733607.65568761,2079968.20084858,1129705.46292862,NA,17597.8581168536,1.6,4121,0.0169938742943958,1.00599662301441
"Nhat[165]",782384.876943369,2280744.40445823,5215635.55619166,2666395.17956113,1975959.83958617,NA,32798.7646129421,1.7,3629,0.0280457969371087,1.00715915039475
"Nhat[166]",435329.788901686,1663788.11394103,3188431.51397228,1755252.44023481,894871.754643113,NA,9193.83301724829,1,9474,0.00540096175871906,1.00250051533766
"Nhat[167]",447864.549087401,1558851.36199757,3371741.6974402,1766027.81214856,1008752.79407159,NA,13624.1780283148,1.4,5482,0.0233338616717233,1.00253589369446
"Nhat[168]",367009.938022278,1714236.67104962,4453613.09897015,2100778.27045098,1805470.28168736,NA,37079.7818302094,2.1,2371,0.0398662228880309,1.00360430563744
"Nhat[169]",467671.620130601,1549684.44983193,3000570.67043045,1651462.7808832,894485.283664019,NA,9709.39663543501,1.1,8487,0.0104144680859037,1.00004158227685
"Nhat[170]",483781.09492894,1695138.95726033,3647625.56483728,1925380.63256791,1073925.98930277,NA,13364.4399773349,1.2,6457,0.0197101601673592,1.00546262621953
"Nhat[171]",510532.547886971,2059467.1143261,4037328.70532301,2241612.07935205,1206546.21457309,NA,18996.5396679893,1.6,4034,0.034809269849407,1.00758622870536
"Nhat[172]",385671.924488093,1553992.94534674,3895066.56048808,1875468.870557,1270944.69394117,NA,26088.8149288211,2.1,2373,0.0468198642867809,1.00151857747624
"Nhat[173]",550346.746956533,2177135.53155852,4224305.25310519,2293730.29802908,1235526.20724721,NA,12976.7453972201,1.1,9065,0.0150761607877735,1.00324079328096
"Nhat[174]",405955.19107426,2155460.68242137,4193376.34760731,2287223.50752072,1200737.44081775,NA,16057.3190590063,1.3,5592,0.018478732740454,1.00377696923862
"Nhat[175]",237103.071215935,1713330.66075621,3618853.61854171,1889569.10106355,1165483.66558987,NA,19267.6684539621,1.7,3659,0.036283790245358,1.00445531301369
"Nhat[176]",411965.091986287,1378589.4860424,2807924.68980647,1508458.76871859,771966.607998125,NA,9492.78290639008,1.2,6613,0.00926056213333062,1.00058549825648
"Nhat[177]",500967.309249023,1957820.34735527,4002517.3055295,2177960.39898451,1298015.62698114,NA,19614.4855827672,1.5,4379,0.0204601039767639,1.00144480408146
"Nhat[178]",357678.544294249,1505578.36377529,2844500.23804952,1584154.31994973,884384.832494605,NA,11519.1478163818,1.3,5894,0.0157376522009274,1.00492855943459
"Nhat[179]",455640.602286216,1631519.40867848,3537218.18185793,1879470.26141842,3265199.92588208,NA,45019.4024733507,1.4,5260,0.00768087429364468,1.00325541205029
"Nhat[180]",390714.767165595,1644424.54320002,3026636.37039798,1717108.89798974,899820.929159433,NA,9837.48328859229,1.1,8367,0.00484676631858926,1.00088716830522
"Nhat[181]",479587.890941159,2713825.42178073,5281584.42009671,2931822.634275,3781024.50085907,NA,44663.4308543376,1.2,7167,0.0127602465754723,1.0012207031386
"Nhat[182]",320211.267393092,1961851.1104056,3992055.60545326,2125140.10478364,1644290.45008221,NA,21155.4364375156,1.3,6041,0.0105956732737703,1.00330440065375
"Nhat[183]",335192.067793264,2338110.98086524,5506053.71154297,2693317.29174156,1898311.76374797,NA,32432.4988499875,1.7,3426,0.0351616227924812,1.00069613903867
"Nhat[184]",384311.576718063,2071974.78297286,3947502.33693939,2186858.61290098,1425903.07769174,NA,17476.1642431188,1.2,6657,0.023794263840486,1.00518204998553
"Nhat[185]",410725.922669492,3336587.42070972,10763224.675026,4476257.12793317,5067186.63979146,NA,120872.871703731,2.4,1757,0.097573219423322,1.00048875002379
"Nhat[186]",413610.110685036,1851356.78168167,4912535.91458179,2271433.22109934,1683533.41790092,NA,44035.2648560095,2.6,1462,0.0690505704469577,1.00522724753383
"Nhat[187]",669781.946493364,2768238.44155813,5308418.47501952,2912621.8369484,1638484.99720388,NA,19354.5064076312,1.2,7167,0.0254116695975135,1.0009849611763
"Nhat[188]",425655.083486694,1525060.69161057,3818344.86810314,1827256.03138499,1514289.18962807,NA,20523.1159729279,1.4,5444,0.0314138613347266,1.00136881257018
"Nhat[189]",213555.030315739,1767880.29236033,6228057.83690623,2426530.25186521,2982317.7796306,NA,55264.1877670037,1.9,2912,0.0516323953661575,1.00336790977714
"Nhat[190]",316718.433698295,1430761.83171718,3040623.16971029,1639723.76284169,1110479.93997335,NA,13245.5283895333,1.2,7029,0.0205054769357726,1.00081608114104
"Nhat[191]",309679.723427419,1710715.72308623,5651057.47788279,2283049.82769442,2571322.99846279,NA,43120.3289764524,1.7,3556,0.0658187972680497,1.01065480947641
"Nhat[192]",191334.53829792,1888368.40606484,6986778.56216975,2674150.96715023,3798853.15931487,NA,106122.72655686,2.8,1281,0.0491386325872893,1.00849265158714
"Nhat[193]",285626.993126406,2412936.25586712,5986305.27658956,2838467.73870489,2233352.72856004,NA,54968.4151791691,2.5,1651,0.0690927569874447,0.999918863019037
"Nhat[194]",850828.886315536,2720509.19300902,5194734.93597536,2891002.07137153,1378227.16743669,NA,18732.0052760521,1.4,5413,0.0454537942695096,1.00352258112535
"Nhat[195]",501732.368356516,2292235.40096093,5728662.3067507,2877140.59234035,9449493.93405664,NA,124290.870580573,1.3,5780,0.0227277397044954,1.00001482867818
"Nhat[196]",970305.794007462,2398096.55707158,4982144.259566,2699451.08881127,3797286.50666092,NA,43731.4588277702,1.2,7540,0.00616744136227694,1.0005410668255
"Nhat[197]",488477.988315502,2610799.40354484,5262085.18485554,2828387.02124124,1916877.46308117,NA,23526.9558600583,1.2,6638,0.0187992225907916,1.00010581102024
"Nhat[198]",1061344.86719605,4202785.79272102,7740722.80860981,4346888.18659902,2291163.75408226,NA,27275.6707413078,1.2,7056,0.00466078016523399,1.00214132997766
"Nhat[199]",590036.098917364,2414888.90728114,4268394.3627181,2488260.4908324,1236187.2226927,NA,15860.0082817906,1.3,6075,0.0088168855445333,1.00330163489776
"Nhat[200]",681146.120633406,3294443.33355009,6290657.35151953,3490630.25146316,1898196.91439231,NA,24530.2804921746,1.3,5988,0.0237096532686027,1.00115329218671
"Nhat[201]",969069.580617203,2796144.6000405,6126799.19942272,3211819.56435422,1778102.77500849,NA,29956.9625102825,1.7,3523,0.0532688052468833,1.00262052989281
"Nhat[202]",613882.113820455,2195565.41734431,4773256.68114764,2542819.97690698,1555832.81204713,NA,22345.431252698,1.4,4848,0.0279706663674137,1.00195027701489
"Nhat[203]",941273.386177937,2702209.9407908,5594564.26339577,3031794.70149048,1563387.13529016,NA,21392.6032099602,1.4,5341,0.0142490822378223,1.00026769502885
"Nhat[204]",589455.312019144,3374603.9122897,10043787.9435981,4353393.48241545,3668194.88378959,NA,119071.31803603,3.2,949,0.0892814659203663,1.00302062500409
"Nhat[205]",430789.265491358,2964429.35133156,6602371.00821291,3362936.84184692,2290872.01668728,NA,45663.6249953565,2,2517,0.0628550964230729,1.00108926111585
"Nhat[206]",463566.840010231,1556601.41187402,3541715.88710548,1827018.13700399,1130625.92353782,NA,20033.8593572464,1.8,3185,0.0400320854137733,1.00198557945028
"Nhat[207]",1021673.58522501,2987610.12500012,5821273.43448751,3253305.4808243,1449981.69081003,NA,20335.4569480627,1.4,5084,0.0300918934110251,1.00019460439683
"Nhat[208]",1267407.57311868,3582439.34208175,6668368.78486862,3756468.93595075,1786463.57555403,NA,22082.2649005861,1.2,6545,-0.00315364612222216,1.00048313699644
"Nhat[209]",511520.792203528,3333449.50326571,6506846.0738158,3559163.13356076,1908958.85610925,NA,43909.2826859357,2.3,1890,0.0835536046442005,1.00100048214598
"Nhat[210]",1081983.01729138,3259292.82160225,6142785.48906303,3483109.32230536,2028953.71541002,NA,23663.4594928651,1.2,7352,0.0242043467837685,1.00218968437302
"Nhat[211]",928879.834019213,3814955.01211843,7422145.5831252,4055721.77451978,2343498.03673611,NA,33545.3843967562,1.4,4880,0.0171322710728702,1.00464821237324
"Nhat[212]",716447.378594099,2988535.46413834,5451379.62371524,3124805.10577217,1522955.1221938,NA,16574.2337172696,1.1,8443,0.00491481471960558,1.00464049111785
"Nhat[213]",1175693.45967973,3306668.52716022,6601121.26220874,3658114.53444014,2329260.11130246,NA,29624.7865455538,1.3,6182,0.00662202514437032,1.00031202459087
"Nhat[214]",556386.926958243,1646518.09784425,3772844.94399862,1922563.3393422,1080652.7913117,NA,23714.0220110521,2.2,2077,0.0753989354470949,1.00825226559059
"Nhat[215]",792707.355753243,2224706.41179642,4297163.04877724,2430001.88001076,1265449.18158386,NA,16331.9443784085,1.3,6004,-0.000745073908182855,1.00316953764176
"Nhat[216]",531718.606998652,2032093.40973629,5213443.01856852,2445136.24801819,1715146.18308138,NA,32581.5910908132,1.9,2771,0.0481241698901938,1.00130456926706
"Nhat[217]",969706.258304814,2810876.87975242,5279667.590115,3012838.30460671,1613318.42366963,NA,20660.3570864274,1.3,6098,0.0536566436808452,1.00004460297603
"Nhat[218]",878585.320816002,2443631.08793774,5751289.02696131,2832622.79539473,1783020.03296394,NA,27374.8829095444,1.5,4242,0.0301967760093455,1.0004733522598
"Nhat[219]",742499.097516999,2735048.76067357,4992030.09198898,2901103.77897744,2000323.617862,NA,21368.1858888364,1.1,8763,0.00435497782521238,1.00157934203788
"Nhat[220]",803588.171088248,2095234.02719861,4655303.52518993,2382707.82005541,1223425.47440034,NA,18403.0748780099,1.5,4420,0.0142315582392861,1.00547431595734
"Nhat[221]",30177.9892345814,1087050.64836993,4605143.54996815,1723823.16565688,4482565.08447318,NA,53682.5638291506,1.2,6972,0.00867698889687183,1.00117321428091
"Nhat[222]",25099.7951509151,1112642.82652806,4818321.20832068,1729142.29453637,2836167.22687726,NA,37887.4074761762,1.3,5604,0.0168641565609858,1.00037765407367
"Nhat[223]",113370.119882628,1932108.82935103,8358085.17935308,2943528.09707358,4196541.38248539,NA,61813.101228684,1.5,4609,0.019329051797968,1.00025208652275
"Nhat[224]",105318.89514007,1196143.06189738,4503400.13725299,1742750.72861745,2514017.63656359,NA,43536.3810005959,1.7,3335,0.0640786670824519,1.00027982735091
"Nhat[225]",185568.815916743,1229804.41290697,3390663.59258895,1543037.61590502,1644253.32974811,NA,19819.1566711664,1.2,6883,0.00400463159894623,1.00057206544558
"Nhat[226]",99186.683961167,1097755.37208259,3102739.49754195,1403024.21955276,1625055.39487242,NA,20122.4973398124,1.2,6522,0.0159872030814859,1.00102173932936
"Nhat[227]",156791.460597723,1230985.34188473,2951663.89612427,1432524.39495972,1372383.60445099,NA,15853.9525411715,1.2,7493,0.000259583601764489,1.00023107952846
"Nhat[228]",228503.87196576,1436025.42972759,3373512.91655935,1623386.15907918,1394687.04410433,NA,15351.2303058202,1.1,8254,-0.00271642918524044,1.00009811422969
"Nhat[229]",120010.326240502,1204150.49422855,3188346.61459368,1489848.36120602,2214284.52102452,NA,23299.1676101459,1.1,9032,0.00988004359429929,1.00261476465371
"Nhat[230]",248032.523993673,1927439.18953727,4474977.34319312,2154368.53168508,2019844.97573359,NA,22633.0460901863,1.1,7964,-0.00453700784635841,1.00058842122948
"Nhat[231]",103843.16849568,1528811.15224301,4666279.11575021,2034851.93163605,4363715.67630189,NA,48776.7716759661,1.1,8004,0.00099366149162154,1.00035485266136
"Nhat[232]",153316.374174638,1674667.99516534,4792003.65516287,2097303.35929601,2305999.8987574,NA,27391.0223814846,1.2,7088,0.0336231852031021,1.00108651599572
"Nhat[233]",91057.3444017599,1607372.99494308,3995003.57753048,1878794.15615855,1754356.54139613,NA,19353.2065772956,1.1,8217,0.0224669424101716,1.0009897231869
"Nhat[234]",260232.809066463,1479402.77450931,3400231.41334805,1649492.88060842,1363820.23467169,NA,14279.3882489628,1,9122,0.00955846138726224,1.00077585615463
"Nhat[235]",167011.709255749,1674074.47584611,3901741.23248292,1885040.44841809,1721644.77499339,NA,18048.8986810556,1,9099,0.00179512403387185,1.00222331899845
"Nhat[236]",163840.526286479,1491937.93462469,3469232.02949032,1661550.86061934,1341119.13217626,NA,15760.8783265584,1.2,7241,0.0278550532499739,1.00399308624909
"Nhat[237]",164642.088236059,2134671.51527512,4869449.20038867,2415354.53247582,2128698.72341052,NA,24272.5213549518,1.1,7691,0.0320340363652472,1.00027399157957
"Nhat[238]",150340.348434941,1502708.05638592,3741194.14002234,1759195.29073848,1694582.61322609,NA,19466.4412167879,1.1,7578,0.00877455940320216,1.00139570976417
"Nhat[239]",193352.861318038,1437908.34078487,3296907.36837074,1601962.58553963,1153116.05782741,NA,15022.9909167263,1.3,5892,0.0103182858105036,1.00264350411198
"Nhat[240]",149939.242284505,1151191.11432541,3060319.93436688,1406449.63720652,1163532.47692173,NA,15666.5297178934,1.3,5516,0.00293350355159926,1.00033594732698
"Nhat[241]",118645.773309018,1747545.60529781,5755393.9017829,2364010.72528275,2780942.19001582,NA,33477.0771045375,1.2,6901,0.0171522748803661,1.00018148071816
"Nhat[242]",179182.169026082,1359161.5310792,3299039.19997797,1605070.88058752,3183000.55356242,NA,34277.7229046409,1.1,8623,0.00478774972066167,1.00239219627011
"Nhat[243]",115810.947072899,1209125.18520753,3525741.67987293,1543699.62949881,1412490.69726255,NA,18106.8942138484,1.3,6085,0.0222829753024001,1.01330129269785
"Nhat[244]",135211.175647801,963476.009834096,2531948.32995741,1167874.34833806,1048193.33358149,NA,12046.5728459744,1.1,7571,0.0115412157078227,1.00698537323456
"Nhat[245]",33320.577351911,900628.112697586,3774442.45530952,1392994.2684714,2879299.98293326,NA,33309.2629238627,1.2,7472,0.00266313540897349,1.01184593653516
"Nhat[246]",129500.19545916,1135698.62387993,2906290.27841844,1362979.04195702,1170855.36800031,NA,13821.2927337139,1.2,7176,0.00643012625015848,1.00737443637194
"Nhat[247]",54596.6228383983,1237490.73969031,3004324.24043544,1419043.54607416,1551957.94267093,NA,16073.5815802536,1,9323,0.00613728368856685,1.00083875729221
"Nhat[248]",202584.271031814,1757127.11904922,4391930.8710113,2019879.39407418,1740718.02828731,NA,20495.04563764,1.2,7214,0.0104927982175504,1.00154565377591
"Nhat[249]",61201.6092185389,1317015.61543159,3840123.94339793,1722640.9125174,2206844.34863693,NA,25908.2900497624,1.2,7255,0.0236597166911725,1.0043368633703
"Nhat[250]",2735.26653996258,815961.172516941,4838965.56407504,1562690.45318235,3207430.95551066,NA,37925.7881382624,1.2,7152,0.00952455005540722,1.00358709430411
"Nhat[251]",79067.7106283328,1134619.74779736,3978290.12575672,1594524.06887355,2182330.71786429,NA,27756.0458073207,1.3,6182,0.00354270336003607,1.00838994414982
"Nhat[252]",121688.526787483,1577355.25337226,4055696.7879216,1872235.99216404,2199654.58097662,NA,25686.1741914586,1.2,7333,-0.00239511350451439,1.00005025135023
"Nhat[253]",69374.4863963324,1468978.12640016,5334349.0827963,2121166.88751295,2763573.46249622,NA,35145.4080083488,1.3,6183,0.0202699488307625,1.00404042499359
"Nhat[254]",158055.128727249,2056461.06826144,5618458.55173069,2479242.68873008,2397472.78658222,NA,26162.5510382696,1.1,8397,0.00525096038508192,1.00026301301802
"Nhat[255]",140296.674435545,1725406.32487416,4134985.24053981,1984117.19600916,2081089.9717144,NA,24997.3423162017,1.2,6931,0.0245240593903612,1.00039367324233
"Nhat[256]",68707.3110961479,1071924.69674812,3570732.45831036,1484184.01525352,1927901.63506062,NA,21860.5711978535,1.1,7778,0.00446431820739722,1.00469297999402
"Nhat[257]",76717.6323887037,1112682.03201658,2982424.67034464,1381353.79156436,1658661.04174268,NA,23433.9855956225,1.4,5010,0.00544306100227434,1.0067312595576
"Nhat[258]",127666.584178951,1509969.42793408,3893317.24255979,1802371.73795884,1563274.28659788,NA,19839.6233166361,1.3,6209,0.0393726787526289,1.01131719342066
"Nhat[259]",189966.28508445,1626568.72930488,4457384.25117175,2023884.77888188,2423367.19176342,NA,27214.3678621469,1.1,7929,0.00865202831850859,1.00229018805252
"Nhat[260]",91744.7325948506,1800213.92526991,5384189.45446549,2287686.38497249,2529077.27094573,NA,26183.0399410659,1,9330,0.0067216926617405,0.999989812820411
"Nhat[261]",109279.076825546,1647299.21736748,4434990.94764565,1974983.01312599,2631614.57163414,NA,28894.6010716704,1.1,8295,-0.00402147413186042,1.00011525504389
"Nhat[262]",196051.540862988,2327964.60521588,5527283.80696664,2622294.94031158,2117790.4691336,NA,25568.7493836908,1.2,6860,-0.00144791601884288,1.00242823128327
"Nhat[263]",78295.2338322172,1449637.40519441,5189404.88039803,2048423.01724408,2485620.7549376,NA,39023.7374171031,1.6,4057,0.0397738686462707,1.00241071179661
"Nhat[264]",233078.340048552,1829844.36719433,4928620.1546256,2295244.97213739,2322501.5389996,NA,31451.6760668877,1.4,5453,0.00944956671328857,1.00704404684481
"Nhat[265]",61031.9283597742,2094112.20705361,5813365.04550237,2563667.80673721,2568264.81120337,NA,28268.507508863,1.1,8254,0.0109999469144034,1.00127008532681
"Nhat[266]",96076.7460776535,2533614.78543697,7406175.74487814,3154428.10019276,3107228.2186088,NA,35623.7385469236,1.1,7608,0.00956026752054391,1.00058754113109
"Nhat[267]",566657.677571085,1796142.52387641,4327036.06753044,2108757.46129651,1303739.17121225,NA,28760.9954301718,2.2,2055,0.0317630800961318,1.00603064974798
"Nhat[268]",627478.047541937,2709847.45106401,5579059.21769237,2934830.58384868,1599131.16772364,NA,39000.1565186447,2.4,1681,0.0519398997768457,1.00009612665761
"Nhat[269]",433077.076548703,1841037.29422135,3843987.28777076,1991633.92807659,1017621.24278368,NA,31336.9739865816,3.1,1055,0.077802290432758,1.00819906833116
"Nhat[270]",564480.539968545,2729174.42364536,5701709.97070377,2986213.49591794,2337135.81906318,NA,35617.7643681754,1.5,4306,0.0398561487744324,1.00346975587227
"Nhat[271]",680737.803807822,2196819.89035652,4800176.69837537,2469053.65502509,1332711.83963002,NA,19467.6442441078,1.5,4686,-0.000158020550558815,1.00182324585055
"Nhat[272]",727340.480183832,2588681.40767708,5903058.37916664,2988817.51499293,1621026.39687909,NA,25137.1015680369,1.6,4159,0.0233878307399962,1.00130523010283
"Nhat[273]",682074.547998691,2264790.26815952,4660945.06444956,2452871.22853293,1351114.67878543,NA,15248.7302569629,1.1,7851,0.00707111768861459,1.0003409972739
"Nhat[274]",572924.646225925,2363943.06601991,4691318.89278556,2524781.88936971,1308512.99266722,NA,16554.7958732699,1.3,6248,0.0120128494990206,1.00131223280942
"Nhat[275]",644822.032453551,2185966.75270927,4697724.76811664,2456861.04459826,1224055.62181832,NA,15051.8255463853,1.2,6613,0.0240954214128929,1.0007235805103
"Nhat[276]",513607.081150633,2292751.5987472,4641371.71381604,2457038.65434479,1269093.53778683,NA,20917.364074905,1.6,3681,0.0232948095027973,0.999992320476162
"Nhat[277]",554241.928288216,2422191.5246364,4729702.00255237,2566966.56272903,1228120.89998228,NA,13398.2973756787,1.1,8402,0.0212191634491443,1.00139367536266
"Nhat[278]",551267.528814462,2433272.14717927,4898894.99743273,2611185.86411959,1343692.38853952,NA,18394.5003804304,1.4,5336,0.0421093482619646,1.00179259538165
"Nhat[279]",684846.915334061,2191487.55807393,4726891.76360144,2420208.61338147,1230281.38730382,NA,14753.6764568251,1.2,6954,-0.0149988151274139,1.00173018306822
"Nhat[280]",732974.686600149,2252320.89392996,5301024.22749897,2593714.4955017,1414671.45572763,NA,22021.4351442188,1.6,4127,0.0323146609930258,0.99992109556124
"Nhat[281]",649753.167423708,2673886.16963875,5322965.19830489,2865307.41205821,1413455.4991869,NA,16220.7709047857,1.1,7593,0.0249879793122138,1.00019988650564
"Nhat[282]",457643.454402936,2578128.46321885,5378634.8435851,2825525.91628202,1774477.20992942,NA,41014.7027523361,2.3,1872,0.0701776606476985,1.00431803887578
"Nhat[283]",605674.475875417,2698591.55481657,5492180.96142884,2903464.38859161,1460780.19292102,NA,38997.0228962042,2.7,1403,0.0523834630287423,1.00293539929639
"Nhat[284]",583573.335132039,2150275.85044847,4452620.40657708,2339450.44152016,1134792.82563893,NA,12225.8599934107,1.1,8615,0.0118775461982272,1.00154187547133
"Nhat[285]",662230.376762494,2047583.05466455,5129769.59807375,2430863.67325958,1523721.36466069,NA,34077.73357319,2.2,1999,0.0653277660569385,1.00170371234404
"Nhat[286]",506053.06776669,1635500.24370677,4118397.06735832,1939908.94344744,1267612.1027755,NA,24829.2693284209,2,2606,0.0613411347737948,1.0014718987747
"Nhat[287]",594183.405030013,2530305.10816289,4945822.67529567,2686909.08503874,1421901.32378159,NA,19511.323019781,1.4,5311,0.00508417001974826,1.0029105552989
"Nhat[288]",735423.302175537,2561741.53103895,5219149.98692024,2749379.81761768,1329173.09461454,NA,15234.2395977233,1.1,7612,0.00118888202950937,1.00056104045292
"Nhat[289]",647374.149673757,1936285.30126961,4404731.70234323,2219147.62777931,1154536.32397008,NA,14953.331483544,1.3,5961,0.0209182116658397,1.00233099824627
"Nhat[290]",526278.865578107,2448648.21701002,5304158.11084442,2728747.63375246,1769355.98517728,NA,52355.7471342642,3,1142,0.0512888542162475,1.00899342237934
"Nhat[291]",597602.547676825,2045439.2359235,5116419.97324634,2427015.40386271,1478802.09189745,NA,38267.9162694926,2.6,1493,0.0544001151408703,1.00336127084126
"Nhat[292]",344805.757367771,1377167.77639256,3789455.45532687,1684777.74934494,1195275.37535028,NA,37463.0335481142,3.1,1018,0.0970387009542031,1.00049640510734
"Nhat[293]",302226.354627122,1489443.83162939,4237293.71605581,1847576.23853066,1502924.56248128,NA,44206.8059371413,2.9,1156,0.0897586213048265,1.00082818026548
"Nhat[294]",548950.898301015,1969470.3995465,4608748.83439911,2293751.39672314,1282465.73385914,NA,26393.8291233458,2.1,2361,0.0637237245853313,1.00058458774804
"Nhat[295]",479783.16471808,1810740.95607421,4523289.2439723,2155857.95039865,1391677.55392424,NA,27860.4280286958,2,2495,0.0632896723082994,1.00034303510831
"Nhat[296]",574433.393496195,1805004.54610774,4389871.51882625,2117869.23130439,1756414.70877659,NA,24496.3764079836,1.4,5141,0.0154247017122168,1.00047482589431
"Nhat[297]",606914.714024721,2540190.52827306,5142546.83528813,2721498.66291054,1374095.843528,NA,33163.2050018569,2.4,1717,0.0620779838498464,1.00258940158432
"Nhat[298]",519280.72872948,2344181.85197546,5262242.82816623,2723798.05670682,2160502.03011705,NA,26440.395788542,1.2,6677,0.0113380084317303,1.0004522909319
"Nhat[299]",540944.568787487,2538440.965583,5301644.72591002,2822692.92831077,1686569.86137534,NA,21440.831414606,1.3,6188,0.0146088566804864,1.00023159596092
"Nhat[300]",239497.446850767,3196150.30947166,7501790.06498327,3664803.79843541,2785678.23190058,NA,41506.4657662948,1.5,4504,0.0269212956216492,1.00060432972074
"Nhat[301]",201976.40523118,2297973.3633694,6609651.78961105,2913960.23715785,2755101.19171373,NA,33155.9459308972,1.2,6905,0.013070619581874,0.9999700809288
"Nhat[302]",416027.592058234,2581945.35799499,5479205.18170067,2967191.11121442,2328897.80764932,NA,25661.0883036774,1.1,8237,0.0169485854531439,1.00035456220923
"Nhat[303]",433723.601275252,2224936.98889915,5351272.82040554,2630122.7730134,1866444.19451894,NA,23714.5603594506,1.3,6194,0.00752086792819776,1.00028455864182
"Nhat[304]",599798.415789025,2592035.80338948,6381124.95330759,3070195.00413383,2340195.80531954,NA,31464.0781752409,1.3,5532,0.00456201139507003,1.00071855939443
"Nhat[305]",593895.529198214,2346552.26964253,4950070.25045975,2663351.6716836,1931970.08596603,NA,23171.2256230373,1.2,6952,0.0742817611290357,1.00070252023037
"Nhat[306]",347271.545120692,2471885.18627613,5118090.85543576,2724943.20325283,1946765.45900227,NA,23884.9918313504,1.2,6643,0.0215435522728146,1.00277928563332
"Nhat[307]",238809.41036124,2677078.39046695,6301399.67134268,3081424.72358509,2523218.06005836,NA,34881.9391131235,1.4,5232,0.00187937731244683,1.00099727320247
"Nhat[308]",261412.464988273,2636356.80628447,6045297.26586135,2988140.65107028,2858659.36853837,NA,33177.0592077955,1.2,7424,0.000387676219820649,1.00012383077728
"Nhat[309]",568986.045602387,2539001.89471937,5844084.06708317,2989497.65086161,2561552.05391955,NA,27050.7655745877,1.1,8967,0.00196671481282979,1.00290911223897
"Nhat[310]",556687.363567548,2566720.32640793,6116261.39969205,3054682.17203588,2870693.37773721,NA,32758.6338039529,1.1,7679,0.0278968615769219,1.000113250426
"Nhat[311]",427064.512404419,2896217.26522159,6135945.91258478,3190736.643576,2339672.93559455,NA,25493.0031424641,1.1,8423,-0.00156678497276737,1.00034479888604
"Nhat[312]",236440.450126127,2821994.70828286,8354783.02171942,3553566.02696334,3276806.19967894,NA,49484.8594381245,1.5,4385,0.0196812099906997,1.00016844673023
"Nhat[313]",104271.39883847,2529067.94131719,7243957.28550932,3174112.53604445,3046355.0478518,NA,33117.775447634,1.1,8461,0.00955781306615671,1.00051539628783
"Nhat[314]",245395.236660126,2315749.21091009,6815464.54227526,2972506.27310616,3608897.3264298,NA,45689.8164200991,1.3,6239,0.0348116096279675,1.00040425780153
"Nhat[315]",627820.948719969,2433623.08513932,5695777.58955354,2836063.41122066,1976085.76553485,NA,28365.9482744765,1.4,4853,0.0339466800480286,1.00110651242301
"Nhat[316]",209547.302573677,2776603.85647434,7432580.7143795,3370173.37878591,3764535.62748964,NA,38726.4468785091,1,9449,0.00877401072047555,1.00011203949479
"Nhat[317]",294889.478792326,2870147.55021984,6515065.15195835,3258700.2372307,2690975.95229203,NA,29456.3710625021,1.1,8346,0.00316324695430178,1.00104562444323
"Nhat[318]",156660.912196156,3200872.95991844,7356584.57614705,3702539.12531312,5266680.45102302,NA,58686.478293887,1.1,8054,0.00787369914324061,1.00017219311677
"Nhat[319]",390788.451604149,2204043.82221526,6048530.79446123,2734370.16044253,2664626.7609702,NA,32656.0511737233,1.2,6658,0.00259581493635334,0.999909313373953
"Nhat[320]",164315.70013147,2778652.48279774,6810116.80295332,3288542.96182884,3725390.37547168,NA,41053.8928072401,1.1,8234,-0.0030636458355933,1.00526639115452
"Nhat[321]",376955.829553931,2550142.6387115,5320039.96637792,2772703.54451545,1845092.69266135,NA,22185.7735776872,1.2,6917,0.0202105035288839,1.00003289486532
"Nhat[322]",120070.604335292,2717566.9756329,6928203.89360318,3261788.54774057,3253652.52559603,NA,38913.443496735,1.2,6991,0.000151414186554075,1.00011285448179
"Nhat[323]",383398.898361958,1939241.65197862,4114933.26763391,2206695.61132727,1469388.528189,NA,16977.4986555843,1.2,7491,0.0107279970957903,1.00017980764135
"Nhat[324]",649597.963594544,2341019.2973904,5047400.18286763,2637276.53361442,2006136.80943324,NA,22139.5495431926,1.1,8211,-0.00663596893932653,1.00046208001172
"Nhat[325]",251938.504840505,1771543.22670425,5010076.89456874,2221136.68889364,2166146.70326904,NA,23642.7477640062,1.1,8394,0.0136554522892364,1.00060130275202
"Nhat[326]",573424.267798844,2204817.68326772,4862675.19812625,2580806.63968042,3394220.51725446,NA,38709.0969467527,1.1,7689,-0.00458836467570469,1.00032101507427
"Nhat[327]",536083.900941946,2497685.21110581,5425378.82742499,2857314.34683518,1998129.25225569,NA,23827.2109704899,1.2,7032,0.0198219831660925,1.00017929229786
"Nhat[328]",3767.01068514054,1369468.82684265,9342003.0122455,2959074.90288392,9069160.57026391,NA,97762.308923879,1.1,8606,0.00282538478760351,1.00189306816111
"Nhat[329]",458536.786977313,2963577.93041495,6491500.4492035,3321389.21195005,2156024.01079063,NA,46852.4343064246,2.2,2118,0.0723805922909677,1.00125078480477
"Nhat[330]",786688.472440571,2394682.83183667,4113773.26064157,2498842.57387455,1070647.62366739,NA,11915.9810417911,1.1,8073,0.0128443540834593,1.00194421138775
"Nhat[331]",439082.008075237,1740536.52400595,4654200.80997416,2111933.30141461,1446409.78432418,NA,39518.1046385265,2.7,1340,0.0741805737240206,1.00418317473102
"Nhat[332]",655431.008393895,1886772.87060223,4025772.27514223,2150005.86582157,1147985.93269023,NA,22466.1624257539,2,2611,0.0444990097158856,1.01188446517444
"Nhat[333]",641115.206107243,2657442.97786355,4748226.31382493,2782631.03658702,1501768.04399156,NA,21226.7895970241,1.4,5005,0.0352311449836889,1.00099894991879
"Nhat[334]",465993.544164021,1324860.45382236,3210022.74986027,1571090.75437824,962717.973995243,NA,19621.7208440982,2,2407,0.0458140753926787,1.00011530714465
"Nhat[335]",672433.644173486,2279661.39464045,3864251.4173322,2322946.98434553,977960.643336286,NA,13944.5064392129,1.4,4919,0.01833756047716,1.00120688876167
"Nhat[336]",1033710.99690697,2522603.87360572,5228983.57869983,2827413.91127104,1342271.65701112,NA,23042.9862454823,1.7,3393,0.0364286536720237,1.00010755732106
"Nhat[337]",1129257.16004301,2946044.76674395,5891326.88888447,3286258.87929137,1501696.21907165,NA,23111.0611575323,1.5,4222,0.0443895031371735,1.00434723049965
"Nhat[338]",1323297.63320193,3295537.35479479,6135484.42978529,3626291.15236229,5954271.79505192,NA,67590.5734492411,1.1,7760,0.0118573617163272,1.0009742249524
"Nhat[339]",826390.814644748,2601657.92499341,4432203.95096728,2669907.78512669,1500270.48488229,NA,17765.3206650407,1.2,7132,0.00596399818003369,1.00471662677539
"Nhat[340]",913694.083850071,2234608.56562554,4131702.3024483,2403638.57000636,1064334.25667273,NA,13258.6241287044,1.2,6444,0.0158219818181842,1.0049090124543
"Nhat[341]",714434.891805223,2291532.16480239,3932164.046645,2346450.13002755,1150354.72445418,NA,14357.5179265988,1.2,6420,0.013103058498887,1.00122505305188
"Nhat[342]",876846.248298702,2657750.54733287,4951871.64970213,2878308.33046262,1326059.92593902,NA,17423.3297532887,1.3,5792,0.0188726563149132,1.00177926814488
"Nhat[343]",688176.409391084,2548826.14475572,4335030.92361454,2608708.92065039,1245290.47920998,NA,17710.1248816095,1.4,4944,0.00471345380312748,1.00080675258971
"Nhat[344]",768884.182274171,1933415.73149199,3936394.21303122,2164894.18489828,1048408.40782197,NA,15032.6059466635,1.4,4864,0.0309203160013693,1.00486118094212
"Nhat[345]",1362863.94944567,3651535.94045468,6299381.84116383,3746885.73943975,1391078.79544861,NA,18986.5885219305,1.4,5368,0.0293516421074557,1.00226211141389
"Nhat[346]",269071.108277683,1313270.75232213,2830731.36962197,1467318.846425,1093729.51556575,NA,14586.5898321736,1.3,5622,0.00862325375318952,1.00020036445946
"Nhat[347]",211613.102182876,982518.825753617,2613604.39753564,1206716.06524882,964307.14310927,NA,14107.5460730094,1.5,4672,0.0325792967725053,0.999970552923097
"Nhat[348]",251601.986484162,1541936.9741717,4364840.69629178,1966701.02051445,1910003.79258708,NA,26893.9081812906,1.4,5044,0.0208851809808588,1.00726324458185
"Nhat[349]",189068.936242223,1202802.65362383,3332217.98096723,1510499.45736991,1226903.95493938,NA,21704.78376296,1.8,3195,0.027045590333379,1.0001532773538
"Nhat[350]",21626.5691327724,831002.240611156,3614844.92787078,1324558.40277654,2706651.03096351,NA,35039.6408516045,1.3,5967,0.0116298099225185,1.00621243059828
"Nhat[351]",175980.399460962,1060283.45858283,3023980.12081196,1364806.86524299,1768805.73884385,NA,22089.0325078495,1.2,6412,0.0249713597546683,1.00234869105735
"Nhat[352]",162963.701863523,1168227.0380648,3362864.64608884,1474686.61662705,1374179.63815752,NA,20635.5338921836,1.5,4435,0.0442428206496661,1.00361396514167
"Nhat[353]",204180.25263721,1953890.41186148,4186919.72221561,2157835.9510323,1923958.16157588,NA,21281.3160200956,1.1,8173,0.0060168240095524,1.00038438027314
"Nhat[354]",334393.352092786,1675463.83304591,3829479.3150447,1924156.06863356,1383771.48952509,NA,16685.0066348267,1.2,6878,0.0183765250740562,1.00450861058169
"Nhat[355]",324240.734610015,1437089.42356745,3745559.3571545,1748095.64634629,1385282.57115046,NA,19501.4288370781,1.4,5046,0.0118643161974746,1.00171189419313
"Nhat[356]",201164.235086322,1862063.08640035,5813651.24124184,2456195.99349622,2816439.39533824,NA,51507.6313331004,1.8,2990,0.0233574110875194,1.00458010220897
"Nhat[357]",326512.204436458,1951204.97964497,4183205.0117894,2116523.08422391,1387693.53129369,NA,15002.3874445465,1.1,8556,-0.000552615263264907,1.0004351578787
"Nhat[358]",530425.70189683,2315615.66263697,4827931.45703315,2527527.50339091,1828051.75673645,NA,20743.5990016873,1.1,7766,0.0208477878584681,1.00096225207231
"Nhat[359]",386250.828858984,2299428.42817462,5037921.15088367,2607356.78030996,2037853.99821528,NA,23867.02999773,1.2,7290,0.0129146081044756,1.00188258716595
"Nhat[360]",255955.828594763,1584543.80355343,3389602.35290463,1765000.67868759,1168808.79730456,NA,15316.2984761217,1.3,5823,0.0086554099776985,1.00007895351332
"Nhat[361]",399614.960535858,2122647.58059113,4358961.33651657,2280761.29834026,2488168.15444138,NA,25389.7676629616,1,9604,0.00882427601740667,1.00373935404324
"Nhat[362]",236533.474954148,2009776.02183731,4152115.70451524,2180073.5797075,1556632.39448352,NA,18141.0304284447,1.2,7363,0.00887759188041852,1.00262444900336
"Nhat[363]",273436.060008208,1862535.77439541,4099305.83749412,2040071.42906096,1480705.93848603,NA,16534.1568805841,1.1,8020,0.00096970216824458,1.00148753347968
"Nhat[364]",215158.83888479,2073587.82924447,5387110.18184138,2457201.87842941,2017930.92612832,NA,27719.3248781052,1.4,5300,0.00323974764769477,1.000490266674
"Nhat[365]",300750.361625891,1495786.55210689,3261895.91609633,1689225.4741707,1019757.03049386,NA,16171.9953803923,1.6,3976,0.0469052544465611,1.00412161733163
"Nhat[366]",184878.217647174,2063163.6018932,5310869.22922043,2470614.61941635,2517741.4860158,NA,29813.994115376,1.2,7132,0.0083261235605728,1.00004346694473
"Nhat[367]",306173.85672489,1702151.70028373,3803991.09326103,1922491.74525052,1483142.07208844,NA,18283.2557630306,1.2,6580,0.00501511517284825,1.00226981686134
"Nhat[368]",275740.037283178,2127616.49598409,4702684.56726043,2363428.13190477,1886948.9548326,NA,21652.599906212,1.1,7595,0.0167551877731337,1.00005402486407
"Nhat[369]",490970.720545973,2612219.396175,5200416.07406205,2795414.59269817,1779334.08604652,NA,30666.2385909474,1.7,3367,0.0407501747567905,1.00022554273068
"Nhat[370]",465896.304563949,1838968.86796036,3358794.48245329,1968497.92787722,6211725.18164892,NA,68596.5027099359,1.1,8200,0.0053658460586179,1.00321003643891
"Nhat[371]",529694.917452348,1750369.45611194,4177324.51953923,2086076.52563525,1325427.02391449,NA,27797.8375609013,2.1,2273,0.0448263388428438,1.00013827032269
"Nhat[372]",482022.088915,1734569.65976029,3594497.80936347,1933377.46626778,1083741.52061744,NA,13559.5937604413,1.3,6388,0.00307577155476774,0.999908375517599
"Nhat[373]",535733.094699734,2606876.41557732,4770322.23159292,2696625.30610072,1478608.66189087,NA,25539.0264314289,1.7,3352,0.0257636696090683,1.00005096728623
"Nhat[374]",530673.371582457,1777113.39267116,4538661.70735995,2186562.16835225,2451647.55057932,NA,37962.3878952129,1.5,4171,0.0502825184058148,1.00007004746375
"Nhat[375]",610410.948246321,2127698.57216103,4136369.48096134,2267789.82474182,989372.623708048,NA,11446.2961106241,1.2,7471,-0.00929217119325203,1.000669245914
"Nhat[376]",429400.413702742,2061854.18584012,3704863.58781244,2123772.78413539,1166522.35651245,NA,18547.6003805735,1.6,3956,0.0515149983643185,1.00030727816378
"Nhat[377]",521286.729023926,1610942.16618068,3672362.50007809,1892707.11300063,1090987.3430447,NA,21777.117297284,2,2510,0.0489994277369389,1.00004332534081
"Nhat[378]",331493.958450911,1218438.63763782,3270468.8566661,1508715.67236967,1031056.9047246,NA,25341.2036785552,2.5,1655,0.0806327278645921,1.00014890894992
"Nhat[379]",509771.327970633,2206902.54307172,4134016.91316268,2318275.49071677,1107764.0509788,NA,14793.0656129602,1.3,5608,0.0174157270264127,1.00079815561476
"Nhat[380]",571059.124777999,2077259.4274279,3946022.8245734,2188047.50511122,1095730.64479802,NA,13808.3772933134,1.3,6297,0.0150016586182502,1.00023264403992
"Nhat[381]",408031.653545171,1801450.07327755,3217856.44606193,1854635.99707113,999630.773341552,NA,14393.912601672,1.4,4823,0.0360522455285728,1.00057974497788
"Nhat[382]",542817.863817242,2239126.70651411,4189638.84564681,2330051.47656849,1563818.62269084,NA,19775.5962741403,1.3,6253,0.0218790431070006,1.00103365014142
"Nhat[383]",341576.263473505,1469806.4348831,4074961.29256631,1847296.38973839,1564423.70625109,NA,44341.1092443757,2.8,1245,0.0989681757973136,1.00452087039151
"Nhat[384]",490903.581068669,1391148.82031995,3231114.70082681,1622061.32803034,982596.471602091,NA,16732.9320288591,1.7,3448,0.0481895512227891,1.00149275460216
"Nhat[385]",566240.194205985,2138914.97155564,4018710.19818486,2216674.69962886,1107175.81081271,NA,12722.3918607118,1.1,7573,0.00954461175379149,1.0004461961774
"Nhat[386]",464219.315770851,1642457.20942254,3899923.35191576,1945666.87436089,1185925.91765958,NA,23621.6722227828,2,2521,0.0403174917072,0.999953708458671
"Nhat[387]",483042.680788137,2051871.71714658,3622108.24851798,2105637.2896908,1032571.7698525,NA,13394.9173362007,1.3,5942,-0.00933614219276152,1.00221478197736
"Nhat[388]",204273.891319376,1162605.97246733,3282573.45191209,1489930.65588171,1290897.10066017,NA,32534.2518137941,2.5,1574,0.0832924025200671,1.00232889361484
"Nhat[389]",929507.82034486,2483882.26841592,4202273.31067582,2539492.65835391,1005279.99201327,NA,12148.1377410405,1.2,6848,-0.00775716272117566,1.00281512768225
"Nhat[390]",734779.333286479,1750894.44513208,3847501.87136462,2015955.91664673,1151750.5900344,NA,21698.1348542929,1.9,2818,0.0483054520309379,1.0001556992049
"Nhat[391]",562850.887940783,1651226.8576393,4108873.23431061,1978164.56544943,1361432.27846623,NA,34320.2102304145,2.5,1574,0.0897450092874045,0.999935342837546
"Nhat[392]",869949.046478603,2628588.96890728,4389032.34035181,2644051.21139269,1007499.33028328,NA,15334.6643691159,1.5,4317,0.0371452395064775,1.00600284569397
"Nhat[393]",787393.67937143,2356995.58878052,3957264.2984678,2404502.34412521,978911.58066765,NA,12845.6026210992,1.3,5807,0.0167144589582067,1.00214247703337
"Nhat[394]",915076.854000014,2282211.81653104,4351655.51609175,2503584.88590558,1003006.42424595,NA,18687.0991615579,1.9,2881,0.043917864315751,1.00072652190498
"Nhat[395]",830755.824551714,2167653.66385197,3641224.94473176,2245592.06739375,795531.65526932,NA,9633.93755581922,1.2,6819,0.02212912213396,1.00546314705552
"Nhat[396]",947426.263112385,2612997.32702334,4436475.80833051,2673886.99305266,1058313.28205319,NA,14018.7598937633,1.3,5699,0.0303899174549922,1.00185811391174
"Nhat[397]",913499.86924536,3118658.96261732,5258004.13464841,3169614.50022735,1326746.64957044,NA,21004.1065771542,1.6,3990,0.025497010070425,1.00300557164773
"Nhat[398]",1109941.24358564,3179622.76120675,5373502.62378379,3228580.93866098,1208191.80649739,NA,14303.3637918867,1.2,7135,-0.00557343059860945,1.0027393426393
"Nhat[399]",947202.083566998,2427193.88783309,5776484.54256624,2908297.48650775,2610369.45386026,NA,64818.5363244862,2.5,1622,0.0662311699068605,1.00219369641309
"Nhat[400]",962360.966249278,2633130.69990671,4537847.11215317,2712442.00467445,1001276.50200068,NA,13374.7817190088,1.3,5604,0.0218747985205501,1.00482854938863
"Nhat[401]",709709.140011815,2639163.93748875,4488313.79374879,2715293.7338874,1190803.05246243,NA,18176.3605165774,1.5,4292,0.0309579389571005,1.00338986758975
"Nhat[402]",349381.960508274,1382309.32481483,3511030.56900116,1685678.9127951,1204708.05872718,NA,33319.3224567044,2.8,1307,0.103824944482855,1.00156645577514
"Nhat[403]",739969.747783496,2262320.85047959,3728331.48524354,2295307.05436243,854487.848267894,NA,10250.3931202067,1.2,6949,0.0344528366868172,1.00397305672764
"Nhat[404]",820843.802281758,1940219.52946104,3734503.69912591,2094579.07904328,898352.12850172,NA,12821.7806541361,1.4,4909,0.0397321405743522,1.00162376793869
"Nhat[405]",809228.380266025,2027711.18635123,3869858.02142821,2219740.83265048,912562.122080998,NA,15580.9431831602,1.7,3430,0.0502288309356065,1.00053803801164
"Nhat[406]",831488.775953869,2283014.40203911,4107906.97572111,2439008.08941225,953813.807738473,NA,12566.3559121874,1.3,5761,0.0272497293104679,1.00466496782828
"Nhat[407]",622762.897521347,2203037.56319191,3975656.34925313,2250868.99360945,995211.502598855,NA,12525.1391666609,1.3,6313,0.0435763056983637,1.00250520828021
"Nhat[408]",552131.205324964,2082178.47635584,3681097.05114618,2165961.08007579,1129611.52313951,NA,12919.1667906956,1.1,7645,0.00336206206636728,1.00050112354841
"Nhat[409]",582975.868659655,2400750.35402247,4362009.62936528,2470416.02447811,1235633.32314406,NA,15184.905943053,1.2,6621,0.0448814707033313,1.0007281872097
"Nhat[410]",858526.310958246,2520584.31976147,4741791.03747913,2659014.89350882,1218382.61156191,NA,14474.9094052531,1.2,7085,0.0065968823955225,1.00342406454072
"Nhat[411]",802704.45082042,2929260.67125939,5259890.88068355,3005143.2434069,1618254.04142771,NA,22875.3626426111,1.4,5004,0.0290042018764002,1.00230631690654
"Nhat[412]",581248.077166041,3268947.25666625,6555459.55221325,3510626.93771003,2043193.84007635,NA,40932.195813256,2,2492,0.0584702670533762,1.0003345374648
"Nhat[413]",668787.076221472,1664719.10190593,3552403.08745886,1885421.48784707,932923.170476973,NA,15679.7351573804,1.7,3540,0.0404707841873979,1.00145563330406
"Nhat[414]",566141.040095952,1876114.88306466,4126690.41171258,2162547.0895519,1153016.78435903,NA,21846.2991839699,1.9,2786,0.0418934803104226,1.00043879917686
"Nhat[415]",454139.861467303,3495990.81366608,7292140.37446716,3833973.02475863,2187836.36460378,NA,47095.1686993345,2.2,2158,0.0589452777595952,1.00337875700027
"Nhat[416]",750335.488259891,2245073.97723977,5198832.02624163,2639039.32978521,1665158.68363117,NA,32973.7712120387,2,2550,0.0494283598047466,1.00040975032981
"Nhat[417]",670193.534363043,2736955.8635825,8102603.73400925,3497702.25722756,3035650.62686197,NA,80702.24188342,2.7,1415,0.0802760850836832,1.00017017650342
"Nhat[418]",669981.468984867,2117537.53919371,4192149.41210122,2346064.95573408,1113599.60382864,NA,16663.6879032471,1.5,4466,0.0391781982963618,1.00164445701689
"Nhat[419]",979330.363282995,3856087.43350353,6940720.44242349,3964664.13506677,1742115.42055927,NA,26609.4294903782,1.5,4286,0.0219466990693585,1.00228552058218
"Nhat[420]",727784.524488457,2339141.49061788,4912738.82784152,2655263.87840516,1404501.68240414,NA,20210.0451912628,1.4,4830,0.0324070723532426,1.00130745668184
"Nhat[421]",764021.310032644,2095067.13144079,3960584.918628,2206173.34974472,1019496.53450886,NA,11280.5424631149,1.1,8168,0.0161171294501129,1.00016696512839
"Nhat[422]",661442.724713157,2291165.16953424,4236934.23488076,2394979.847833,1208090.09730939,NA,13696.5449706762,1.1,7780,-0.00778441686134683,1.00100992412319
"Nhat[423]",643703.795702866,2527350.54004416,4525989.84506762,2612270.00356249,1404955.41413015,NA,16910.3297971119,1.2,6903,-0.00841890623726439,1.00711140781814
"Nhat[424]",502032.284472191,1704014.51357001,4020799.28343141,2002700.03236869,1190461.63636848,NA,21294.4300371961,1.8,3125,0.0455833168831412,1.00086200323727
"Nhat[425]",542941.18110375,1705759.65776356,4631502.26841078,2126812.73478349,1983439.45016063,NA,42545.2562630061,2.1,2173,0.0573261941329047,1.00110841825949
"Nhat[426]",604504.953183478,1799193.84525062,3793801.79585251,2023574.24653756,987410.867067185,NA,15108.9109492726,1.5,4271,0.0435383627500685,1.00023923982018
"Nhat[427]",406289.738438323,1694143.32000156,4425449.28213371,2139065.31308544,3436447.08420501,NA,57606.9301052609,1.7,3559,0.0254395262700675,1.00094615884297
"Nhat[428]",683718.124200257,2960978.50347325,5277564.21359551,3064797.92101195,1656366.37800114,NA,18951.8693065497,1.1,7639,0.0413198464382609,1.00164550048229
